[2026-06-24 11:50:26] ==================================================
[2026-06-24 11:50:26] 开始执行 [noon]
[2026-06-24 11:50:37]   菜油OI Sina持仓不可靠(max_oi=744)，尝试东方财富补拉...
[2026-06-24 11:50:37]   东财补拉成功 3 条
[2026-06-24 11:50:49]   棕榈油P Sina持仓不可靠(max_oi=0)，尝试东方财富补拉...
[2026-06-24 11:51:07]   东财补拉成功 3 条
[2026-06-24 11:51:26]   豆油Y Sina持仓不可靠(max_oi=0)，尝试东方财富补拉...
[2026-06-24 11:51:27]   东财补拉成功 3 条
[2026-06-24 11:51:27]   抓取完成: 3/3 成功
[2026-06-24 11:51:27]   写入表格...
[2026-06-24 11:51:28]   更新 菜油OI OI2609_2026-06-24 -> noon 收 9721.0
[2026-06-24 11:51:30]   更新 棕榈油P P2609_2026-06-24 -> noon 收 9334.0
[2026-06-24 11:51:32]   更新 豆油Y Y2609_2026-06-24 -> noon 收 8385.0
[2026-06-24 11:51:33]   推送...
[2026-06-24 11:51:33]   推送chat开始...
[2026-06-24 11:51:35]   推送chat成功
[2026-06-24 11:51:35]   推送user开始...
[2026-06-24 11:51:36]   推送user异常: stdout=「」 stderr=「b'{\n  "ok": false,\n  "identity": "bot",\n  "error": {\n    "type": "api",\n    "subtype": "unknown",\n    "code": 99992361,\n    "message": "open_id cross app",\n    "log_id": "2026062411513562C1BA79A7362E1AE'」
[2026-06-24 11:51:36] ==================================================
[2026-06-24 11:51:36] 完成 [noon]
[2026-06-25 09:52:17] ==================================================
[2026-06-25 09:52:17] 开始执行 [morning]
[2026-06-25 09:52:27]   菜油OI Sina持仓不可靠(max_oi=744)，尝试东方财富补拉...
[2026-06-25 09:52:28]   东财补拉成功 3 条
[2026-06-25 09:52:39]   棕榈油P Sina持仓不可靠(max_oi=0)，尝试东方财富补拉...
[2026-06-25 09:52:40]   东财补拉成功 3 条
[2026-06-25 09:52:51]   豆油Y Sina持仓不可靠(max_oi=0)，尝试东方财富补拉...
[2026-06-25 09:52:53]   东财补拉成功 3 条
[2026-06-25 09:52:53]   抓取完成: 3/3 成功
[2026-06-25 09:52:53]   写入表格...
[2026-06-25 09:53:14] ==================================================
[2026-06-25 09:53:14] 开始执行 [morning]
[2026-06-25 09:53:24]   菜油OI Sina持仓不可靠(max_oi=744)，尝试东方财富补拉...
[2026-06-25 09:53:26]   东财补拉成功 3 条
[2026-06-25 09:53:37]   棕榈油P Sina持仓不可靠(max_oi=0)，尝试东方财富补拉...
[2026-06-25 09:53:38]   东财补拉成功 3 条
[2026-06-25 09:54:00]   豆油Y Sina持仓不可靠(max_oi=0)，尝试东方财富补拉...
[2026-06-25 09:54:06]   东财补拉成功 3 条
[2026-06-25 09:54:06]   抓取完成: 3/3 成功
[2026-06-25 09:54:06]   写入表格...
[2026-06-25 09:54:08]   更新 菜油OI OI2609 (2026-06-24) -> morning 收 9548.0
[2026-06-25 09:54:10]   更新 棕榈油P P2609 (2026-06-24) -> morning 收 9056.0
[2026-06-25 09:54:13]   更新 豆油Y Y2609 (2026-06-24) -> morning 收 8313.0
[2026-06-25 09:54:14]   推送...
[2026-06-25 09:54:14]   推送chat开始...
[2026-06-25 09:54:14]   推送chat异常: stdout=「」 stderr=「b'{\n  "ok": false,\n  "identity": "bot",\n  "error": {\n    "type": "validation",\n    "subtype": "invalid_argument",\n    "message": "specify at least one of --chat-id or --user-id",\n    "params": [\n      {'」
[2026-06-25 09:54:15]   推送user开始...
[2026-06-25 09:54:15]   推送user异常: stdout=「」 stderr=「b'{\n  "ok": false,\n  "identity": "bot",\n  "error": {\n    "type": "validation",\n    "subtype": "invalid_argument",\n    "message": "specify at least one of --chat-id or --user-id",\n    "params": [\n      {'」
[2026-06-25 09:54:15] ==================================================
[2026-06-25 09:54:15] 完成 [morning]
[2026-06-25 09:55:46] ==================================================
[2026-06-25 09:55:46] 开始执行 [morning]
[2026-06-25 09:55:57]   菜油OI Sina持仓不可靠(max_oi=744)，尝试东方财富补拉...
[2026-06-25 09:55:58]   东财补拉成功 3 条
[2026-06-25 09:56:08]   棕榈油P Sina持仓不可靠(max_oi=0)，尝试东方财富补拉...
[2026-06-25 09:56:10]   东财补拉成功 3 条
[2026-06-25 09:56:20]   豆油Y Sina持仓不可靠(max_oi=0)，尝试东方财富补拉...
[2026-06-25 09:56:22]   东财补拉成功 3 条
[2026-06-25 09:56:22]   抓取完成: 3/3 成功
[2026-06-25 09:56:22]   写入表格...
[2026-06-25 09:56:23]   更新 菜油OI OI2609 (2026-06-24) -> morning 收 9553.0
[2026-06-25 09:56:25]   更新 棕榈油P P2609 (2026-06-24) -> morning 收 9047.0
[2026-06-25 09:56:27]   更新 豆油Y Y2609 (2026-06-24) -> morning 收 8309.0
[2026-06-25 09:56:28]   推送...
[2026-06-25 09:56:28]   推送chat开始...
[2026-06-25 09:56:29]   推送chat成功
[2026-06-25 09:56:29]   推送user开始...
[2026-06-25 09:56:30]   推送user成功
[2026-06-25 09:56:30] ==================================================
[2026-06-25 09:56:30] 完成 [morning]
[2026-06-25 12:00:01] ==================================================
[2026-06-25 12:00:01] 开始执行 [noon]
[2026-06-25 12:00:12]   菜油OI Sina持仓不可靠(max_oi=744)，尝试东方财富补拉...
[2026-06-25 12:00:13]   东财补拉成功 3 条
[2026-06-25 12:00:23]   棕榈油P Sina持仓不可靠(max_oi=0)，尝试东方财富补拉...
[2026-06-25 12:00:24]   东财补拉成功 3 条
[2026-06-25 12:00:32]   豆油Y Sina持仓不可靠(max_oi=0)，尝试东方财富补拉...
[2026-06-25 12:00:33]   东财补拉成功 3 条
[2026-06-25 12:00:33]   抓取完成: 3/3 成功
[2026-06-25 12:00:33]   写入表格...
[2026-06-25 12:00:37]   创建 菜油OI OI2609 (2026-06-25) -> noon 收 9540.0
[2026-06-25 12:00:39]   创建 棕榈油P P2609 (2026-06-25) -> noon 收 9125.0
[2026-06-25 12:00:40]   创建 豆油Y Y2609 (2026-06-25) -> noon 收 8346.0
[2026-06-25 12:00:41]   推送...
[2026-06-25 12:00:41]   推送chat开始...
[2026-06-25 12:00:42]   推送chat成功
[2026-06-25 12:00:42]   推送user开始...
[2026-06-25 12:00:43]   推送user成功
[2026-06-25 12:00:43] ==================================================
[2026-06-25 12:00:43] 完成 [noon]
[2026-06-25 16:00:01] ==================================================
[2026-06-25 16:00:01] 开始执行 [day]
[2026-06-25 16:00:31]   抓取完成: 3/3 成功
[2026-06-25 16:00:31]   写入表格...
[2026-06-25 16:00:33]   更新 菜油OI OI2609 (2026-06-25) -> day 收 9547.0
[2026-06-25 16:00:35]   更新 棕榈油P P2609 (2026-06-25) -> day 收 9160.0
[2026-06-25 16:00:37]   更新 豆油Y Y2609 (2026-06-25) -> day 收 8351.0
[2026-06-25 16:00:38]   推送...
[2026-06-25 16:00:38]   推送chat开始...
[2026-06-25 16:00:39]   推送chat成功
[2026-06-25 16:00:39]   推送user开始...
[2026-06-25 16:00:40]   推送user成功
[2026-06-25 16:00:40] ==================================================
[2026-06-25 16:00:40] 完成 [day]
[2026-06-26 08:30:02] ==================================================
[2026-06-26 08:30:02] 开始执行 [morning]
[2026-06-26 08:30:14]   菜油OI Sina持仓不可靠(max_oi=744)，尝试东方财富补拉...
[2026-06-26 08:30:14]   东财补拉成功 3 条
[2026-06-26 08:30:25]   棕榈油P Sina持仓不可靠(max_oi=0)，尝试东方财富补拉...
[2026-06-26 08:30:26]   东财补拉成功 3 条
[2026-06-26 08:30:36]   豆油Y Sina持仓不可靠(max_oi=0)，尝试东方财富补拉...
[2026-06-26 08:30:36]   东财补拉成功 3 条
[2026-06-26 08:30:36]   抓取完成: 3/3 成功
[2026-06-26 08:30:36]   写入表格...
[2026-06-26 08:30:40]   更新 菜油OI OI2609 (2026-06-25) -> morning 收 9601.0
[2026-06-26 08:30:41]   更新 棕榈油P P2609 (2026-06-25) -> morning 收 9282.0
[2026-06-26 08:30:43]   更新 豆油Y Y2609 (2026-06-25) -> morning 收 8427.0
[2026-06-26 08:30:43]   推送...
[2026-06-26 08:30:43]   推送chat开始...
[2026-06-26 08:30:44]   推送chat成功
[2026-06-26 08:30:44]   推送user开始...
[2026-06-26 08:30:45]   推送user成功
[2026-06-26 08:30:45] ==================================================
[2026-06-26 08:30:45] 完成 [morning]
[2026-06-26 12:00:02] ==================================================
[2026-06-26 12:00:02] 开始执行 [noon]
[2026-06-26 12:00:14]   菜油OI Sina持仓不可靠(max_oi=744)，尝试东方财富补拉...
[2026-06-26 12:00:14]   东财补拉成功 3 条
[2026-06-26 12:00:24]   棕榈油P Sina持仓不可靠(max_oi=0)，尝试东方财富补拉...
[2026-06-26 12:00:25]   东财补拉成功 3 条
[2026-06-26 12:00:36]   豆油Y Sina持仓不可靠(max_oi=0)，尝试东方财富补拉...
[2026-06-26 12:00:37]   东财补拉成功 3 条
[2026-06-26 12:00:37]   抓取完成: 3/3 成功
[2026-06-26 12:00:37]   写入表格...
[2026-06-26 12:00:40]   创建 菜油OI OI2609 (2026-06-26) -> noon 收 9633.0
[2026-06-26 12:00:42]   创建 棕榈油P P2609 (2026-06-26) -> noon 收 9260.0
[2026-06-26 12:00:44]   创建 豆油Y Y2609 (2026-06-26) -> noon 收 8413.0
[2026-06-26 12:00:45]   推送...
[2026-06-26 12:00:45]   推送chat开始...
[2026-06-26 12:00:46]   推送chat成功
[2026-06-26 12:00:46]   推送user开始...
[2026-06-26 12:00:47]   推送user成功
[2026-06-26 12:00:47] ==================================================
[2026-06-26 12:00:47] 完成 [noon]
[2026-06-26 16:00:02] ==================================================
[2026-06-26 16:00:02] 开始执行 [day]
[2026-06-26 16:00:35]   抓取完成: 3/3 成功
[2026-06-26 16:00:35]   写入表格...
[2026-06-26 16:00:37]   更新 菜油OI OI2609 (2026-06-26) -> day 收 9660.0
[2026-06-26 16:00:39]   更新 棕榈油P P2609 (2026-06-26) -> day 收 9315.0
[2026-06-26 16:00:41]   更新 豆油Y Y2609 (2026-06-26) -> day 收 8441.0
[2026-06-26 16:00:42]   推送...
[2026-06-26 16:00:42]   推送chat开始...
[2026-06-26 16:00:43]   推送chat成功
[2026-06-26 16:00:43]   推送user开始...
[2026-06-26 16:00:44]   推送user成功
[2026-06-26 16:00:44] ==================================================
[2026-06-26 16:00:44] 完成 [day]
[2026-06-27 08:30:02] ==================================================
[2026-06-27 08:30:02] 开始执行 [morning]
[2026-06-27 08:30:12]   菜油OI Sina持仓不可靠(max_oi=744)，尝试东方财富补拉...
[2026-06-27 08:30:13]   东财补拉成功 3 条
[2026-06-27 08:30:25]   棕榈油P Sina持仓不可靠(max_oi=0)，尝试东方财富补拉...
[2026-06-27 08:30:25]   东财补拉成功 3 条
[2026-06-27 08:30:35]   豆油Y Sina持仓不可靠(max_oi=0)，尝试东方财富补拉...
[2026-06-27 08:30:35]   东财补拉成功 3 条
[2026-06-27 08:30:35]   抓取完成: 3/3 成功
[2026-06-27 08:30:35]   写入表格...
[2026-06-27 08:30:38]   更新 菜油OI OI2609 (2026-06-26) -> morning 收 9665.0
[2026-06-27 08:30:40]   更新 棕榈油P P2609 (2026-06-26) -> morning 收 9267.0
[2026-06-27 08:30:41]   更新 豆油Y Y2609 (2026-06-26) -> morning 收 8460.0
[2026-06-27 08:30:42]   推送...
[2026-06-27 08:30:42]   推送chat开始...
[2026-06-27 08:30:43]   推送chat成功
[2026-06-27 08:30:43]   推送user开始...
[2026-06-27 08:30:44]   推送user成功
[2026-06-27 08:30:44] ==================================================
[2026-06-27 08:30:44] 完成 [morning]
[2026-06-27 12:00:02] ==================================================
[2026-06-27 12:00:02] 开始执行 [noon]
[2026-06-27 12:00:15]   菜油OI Sina持仓不可靠(max_oi=744)，尝试东方财富补拉...
[2026-06-27 12:00:16]   东财补拉成功 3 条
[2026-06-27 12:00:24]   棕榈油P Sina持仓不可靠(max_oi=0)，尝试东方财富补拉...
[2026-06-27 12:00:25]   东财补拉成功 3 条
[2026-06-27 12:00:38]   豆油Y Sina持仓不可靠(max_oi=0)，尝试东方财富补拉...
[2026-06-27 12:00:39]   东财补拉成功 3 条
[2026-06-27 12:00:39]   抓取完成: 3/3 成功
[2026-06-27 12:00:39]   写入表格...
[2026-06-27 12:00:42]   创建 菜油OI OI2609 (2026-06-27) -> noon 收 9665.0
[2026-06-27 12:00:44]   创建 棕榈油P P2609 (2026-06-27) -> noon 收 9267.0
[2026-06-27 12:00:46]   创建 豆油Y Y2609 (2026-06-27) -> noon 收 8460.0
[2026-06-27 12:00:47]   推送...
[2026-06-27 12:00:47]   推送chat开始...
[2026-06-27 12:00:48]   推送chat成功
[2026-06-27 12:00:48]   推送user开始...
[2026-06-27 12:00:48]   推送user成功
[2026-06-27 12:00:48] ==================================================
[2026-06-27 12:00:48] 完成 [noon]
[2026-06-27 16:00:01] ==================================================
[2026-06-27 16:00:01] 开始执行 [day]
[2026-06-27 16:00:12]   菜油OI Sina持仓不可靠(max_oi=744)，尝试东方财富补拉...
[2026-06-27 16:00:13]   东财补拉成功 3 条
[2026-06-27 16:00:24]   棕榈油P Sina持仓不可靠(max_oi=0)，尝试东方财富补拉...
[2026-06-27 16:00:24]   东财补拉成功 3 条
[2026-06-27 16:00:37]   豆油Y Sina持仓不可靠(max_oi=0)，尝试东方财富补拉...
[2026-06-27 16:00:37]   东财补拉成功 3 条
[2026-06-27 16:00:37]   抓取完成: 3/3 成功
[2026-06-27 16:00:37]   写入表格...
[2026-06-27 16:00:38]   更新 菜油OI OI2609 (2026-06-27) -> day 收 9665.0
[2026-06-27 16:00:40]   更新 棕榈油P P2609 (2026-06-27) -> day 收 9267.0
[2026-06-27 16:00:41]   更新 豆油Y Y2609 (2026-06-27) -> day 收 8460.0
[2026-06-27 16:00:42]   推送...
[2026-06-27 16:00:42]   推送chat开始...
[2026-06-27 16:00:43]   推送chat成功
[2026-06-27 16:00:43]   推送user开始...
[2026-06-27 16:00:44]   推送user成功
[2026-06-27 16:00:44] ==================================================
[2026-06-27 16:00:44] 完成 [day]
[2026-06-28 08:30:02] ==================================================
[2026-06-28 08:30:02] 开始执行 [morning]
[2026-06-28 08:30:11]   菜油OI Sina持仓不可靠(max_oi=744)，尝试东方财富补拉...
[2026-06-28 08:30:12]   东财补拉成功 3 条
[2026-06-28 08:30:22]   棕榈油P Sina持仓不可靠(max_oi=0)，尝试东方财富补拉...
[2026-06-28 08:30:23]   东财补拉成功 3 条
[2026-06-28 08:30:36]   豆油Y Sina持仓不可靠(max_oi=0)，尝试东方财富补拉...
[2026-06-28 08:30:36]   东财补拉成功 3 条
[2026-06-28 08:30:36]   抓取完成: 3/3 成功
[2026-06-28 08:30:36]   写入表格...
[2026-06-28 08:30:39]   更新 菜油OI OI2609 (2026-06-27) -> morning 收 9665.0
[2026-06-28 08:30:40]   更新 棕榈油P P2609 (2026-06-27) -> morning 收 9267.0
[2026-06-28 08:30:42]   更新 豆油Y Y2609 (2026-06-27) -> morning 收 8460.0
[2026-06-28 08:30:42]   推送...
[2026-06-28 08:30:42]   推送chat开始...
[2026-06-28 08:30:43]   推送chat成功
[2026-06-28 08:30:43]   推送user开始...
[2026-06-28 08:30:44]   推送user成功
[2026-06-28 08:30:44] ==================================================
[2026-06-28 08:30:44] 完成 [morning]
[2026-06-28 12:00:01] ==================================================
[2026-06-28 12:00:01] 开始执行 [noon]
[2026-06-28 12:00:13]   菜油OI Sina持仓不可靠(max_oi=744)，尝试东方财富补拉...
[2026-06-28 12:00:13]   东财补拉成功 3 条
[2026-06-28 12:00:25]   棕榈油P Sina持仓不可靠(max_oi=0)，尝试东方财富补拉...
[2026-06-28 12:00:26]   东财补拉成功 3 条
[2026-06-28 12:00:33]   豆油Y Sina持仓不可靠(max_oi=0)，尝试东方财富补拉...
[2026-06-28 12:00:34]   东财补拉成功 3 条
[2026-06-28 12:00:34]   抓取完成: 3/3 成功
[2026-06-28 12:00:34]   写入表格...
[2026-06-28 12:00:35]   创建 菜油OI OI2609 (2026-06-28) -> noon 收 9665.0
[2026-06-28 12:00:37]   创建 棕榈油P P2609 (2026-06-28) -> noon 收 9267.0
[2026-06-28 12:00:38]   创建 豆油Y Y2609 (2026-06-28) -> noon 收 8460.0
[2026-06-28 12:00:39]   推送...
[2026-06-28 12:00:39]   推送chat开始...
[2026-06-28 12:00:40]   推送chat成功
[2026-06-28 12:00:40]   推送user开始...
[2026-06-28 12:00:41]   推送user成功
[2026-06-28 12:00:41] ==================================================
[2026-06-28 12:00:41] 完成 [noon]
[2026-06-28 16:00:02] ==================================================
[2026-06-28 16:00:02] 开始执行 [day]
[2026-06-28 16:00:10]   菜油OI Sina持仓不可靠(max_oi=744)，尝试东方财富补拉...
[2026-06-28 16:00:11]   东财补拉成功 3 条
[2026-06-28 16:00:22]   棕榈油P Sina持仓不可靠(max_oi=0)，尝试东方财富补拉...
[2026-06-28 16:00:22]   东财补拉成功 3 条
[2026-06-28 16:00:33]   豆油Y Sina持仓不可靠(max_oi=0)，尝试东方财富补拉...
[2026-06-28 16:00:34]   东财补拉成功 3 条
[2026-06-28 16:00:34]   抓取完成: 3/3 成功
[2026-06-28 16:00:34]   写入表格...
[2026-06-28 16:00:35]   更新 菜油OI OI2609 (2026-06-28) -> day 收 9665.0
[2026-06-28 16:00:37]   更新 棕榈油P P2609 (2026-06-28) -> day 收 9267.0
[2026-06-28 16:00:38]   更新 豆油Y Y2609 (2026-06-28) -> day 收 8460.0
[2026-06-28 16:00:39]   推送...
[2026-06-28 16:00:39]   推送chat开始...
[2026-06-28 16:00:40]   推送chat成功
[2026-06-28 16:00:40]   推送user开始...
[2026-06-28 16:00:41]   推送user成功
[2026-06-28 16:00:41] ==================================================
[2026-06-28 16:00:41] 完成 [day]
[2026-06-29 08:30:02] ==================================================
[2026-06-29 08:30:02] 开始执行 [morning]
[2026-06-29 08:30:13]   菜油OI Sina持仓不可靠(max_oi=744)，尝试东方财富补拉...
[2026-06-29 08:30:14]   东财补拉成功 3 条
[2026-06-29 08:30:24]   棕榈油P Sina持仓不可靠(max_oi=0)，尝试东方财富补拉...
[2026-06-29 08:30:25]   东财补拉成功 3 条
[2026-06-29 08:30:34]   豆油Y Sina持仓不可靠(max_oi=0)，尝试东方财富补拉...
[2026-06-29 08:30:34]   东财补拉成功 3 条
[2026-06-29 08:30:34]   抓取完成: 3/3 成功
[2026-06-29 08:30:34]   写入表格...
[2026-06-29 08:30:38]   更新 菜油OI OI2609 (2026-06-28) -> morning 收 9665.0
[2026-06-29 08:30:39]   更新 棕榈油P P2609 (2026-06-28) -> morning 收 9267.0
[2026-06-29 08:30:40]   更新 豆油Y Y2609 (2026-06-28) -> morning 收 8460.0
[2026-06-29 08:30:41]   推送...
[2026-06-29 08:30:41]   推送chat开始...
[2026-06-29 08:30:42]   推送chat成功
[2026-06-29 08:30:42]   推送user开始...
[2026-06-29 08:30:43]   推送user成功
[2026-06-29 08:30:43] ==================================================
[2026-06-29 08:30:43] 完成 [morning]
[2026-06-29 12:00:01] ==================================================
[2026-06-29 12:00:01] 开始执行 [noon]
[2026-06-29 12:00:11]   菜油OI Sina持仓不可靠(max_oi=744)，尝试东方财富补拉...
[2026-06-29 12:00:11]   东财补拉成功 3 条
[2026-06-29 12:00:20]   棕榈油P Sina持仓不可靠(max_oi=0)，尝试东方财富补拉...
[2026-06-29 12:00:20]   东财补拉成功 3 条
[2026-06-29 12:00:29]   豆油Y Sina持仓不可靠(max_oi=0)，尝试东方财富补拉...
[2026-06-29 12:00:29]   东财补拉成功 3 条
[2026-06-29 12:00:29]   抓取完成: 3/3 成功
[2026-06-29 12:00:29]   写入表格...
[2026-06-29 12:00:31]   创建 菜油OI OI2609 (2026-06-29) -> noon 收 9756.0
[2026-06-29 12:00:33]   创建 棕榈油P P2609 (2026-06-29) -> noon 收 9351.0
[2026-06-29 12:00:35]   创建 豆油Y Y2609 (2026-06-29) -> noon 收 8466.0
[2026-06-29 12:00:36]   推送...
[2026-06-29 12:00:36]   推送chat开始...
[2026-06-29 12:00:37]   推送chat成功
[2026-06-29 12:00:37]   推送user开始...
[2026-06-29 12:00:38]   推送user成功
[2026-06-29 12:00:38] ==================================================
[2026-06-29 12:00:38] 完成 [noon]
[2026-06-29 16:00:02] ==================================================
[2026-06-29 16:00:02] 开始执行 [day]
[2026-06-29 16:00:34]   抓取完成: 3/3 成功
[2026-06-29 16:00:34]   写入表格...
[2026-06-29 16:00:36]   更新 菜油OI OI2609 (2026-06-29) -> day 收 9746.0
[2026-06-29 16:00:38]   更新 棕榈油P P2609 (2026-06-29) -> day 收 9379.0
[2026-06-29 16:00:40]   更新 豆油Y Y2609 (2026-06-29) -> day 收 8469.0
[2026-06-29 16:00:42]   推送...
[2026-06-29 16:00:42]   推送chat开始...
[2026-06-29 16:00:43]   推送chat成功
[2026-06-29 16:00:43]   推送user开始...
[2026-06-29 16:00:44]   推送user成功
[2026-06-29 16:00:44] ==================================================
[2026-06-29 16:00:44] 完成 [day]
[2026-06-30 08:30:02] ==================================================
[2026-06-30 08:30:02] 开始执行 [morning]
[2026-06-30 08:30:15]   菜油OI Sina持仓不可靠(max_oi=744)，尝试东方财富补拉...
[2026-06-30 08:30:16]   东财补拉成功 3 条
[2026-06-30 08:30:28]   棕榈油P Sina持仓不可靠(max_oi=0)，尝试东方财富补拉...
[2026-06-30 08:30:28]   东财补拉成功 3 条
[2026-06-30 08:30:38]   豆油Y Sina持仓不可靠(max_oi=0)，尝试东方财富补拉...
[2026-06-30 08:30:39]   东财补拉成功 3 条
[2026-06-30 08:30:39]   抓取完成: 3/3 成功
[2026-06-30 08:30:39]   写入表格...
[2026-06-30 08:30:42]   更新 菜油OI OI2609 (2026-06-29) -> morning 收 9728.0
[2026-06-30 08:30:44]   更新 棕榈油P P2609 (2026-06-29) -> morning 收 9355.0
[2026-06-30 08:30:45]   更新 豆油Y Y2609 (2026-06-29) -> morning 收 8458.0
[2026-06-30 08:30:46]   推送...
[2026-06-30 08:30:46]   推送chat开始...
[2026-06-30 08:30:47]   推送chat成功
[2026-06-30 08:30:47]   推送user开始...
[2026-06-30 08:30:48]   推送user成功
[2026-06-30 08:30:48] ==================================================
[2026-06-30 08:30:48] 完成 [morning]
[2026-06-30 12:00:02] ==================================================
[2026-06-30 12:00:02] 开始执行 [noon]
[2026-06-30 12:00:10]   菜油OI Sina持仓不可靠(max_oi=744)，尝试东方财富补拉...
[2026-06-30 12:00:10]   东财补拉成功 3 条
[2026-06-30 12:00:22]   棕榈油P Sina持仓不可靠(max_oi=0)，尝试东方财富补拉...
[2026-06-30 12:00:22]   东财补拉成功 3 条
[2026-06-30 12:00:34]   豆油Y Sina持仓不可靠(max_oi=0)，尝试东方财富补拉...
[2026-06-30 12:00:35]   东财补拉成功 3 条
[2026-06-30 12:00:35]   抓取完成: 3/3 成功
[2026-06-30 12:00:35]   写入表格...
[2026-06-30 12:00:36]   创建 菜油OI OI2609 (2026-06-30) -> noon 收 9674.0
[2026-06-30 12:00:39]   创建 棕榈油P P2609 (2026-06-30) -> noon 收 9300.0
[2026-06-30 12:00:41]   创建 豆油Y Y2609 (2026-06-30) -> noon 收 8450.0
[2026-06-30 12:00:42]   推送...
[2026-06-30 12:00:42]   推送chat开始...
[2026-06-30 12:00:43]   推送chat成功
[2026-06-30 12:00:43]   推送user开始...
[2026-06-30 12:00:44]   推送user成功
[2026-06-30 12:00:44] ==================================================
[2026-06-30 12:00:44] 完成 [noon]
[2026-06-30 16:00:02] ==================================================
[2026-06-30 16:00:02] 开始执行 [day]
[2026-06-30 16:00:29]   抓取完成: 3/3 成功
[2026-06-30 16:00:29]   写入表格...
[2026-06-30 16:00:31]   创建 菜油OI OI2609 (2026-06-30) -> day 收 9670.0
[2026-06-30 16:00:34]   创建 棕榈油P P2609 (2026-06-30) -> day 收 9272.0
[2026-06-30 16:00:37]   创建 豆油Y Y2609 (2026-06-30) -> day 收 8447.0
[2026-06-30 16:00:39]   推送...
[2026-06-30 16:00:39]   推送chat开始...
[2026-06-30 16:00:40]   推送chat成功
[2026-06-30 16:00:40]   推送user开始...
[2026-06-30 16:00:41]   推送user成功
[2026-06-30 16:00:41] ==================================================
[2026-06-30 16:00:41] 完成 [day]
[2026-07-01 08:30:02] ==================================================
[2026-07-01 08:30:02] 开始执行 [morning]
[2026-07-01 08:30:11]   菜油OI Sina持仓不可靠(max_oi=744)，尝试东方财富补拉...
[2026-07-01 08:30:11]   东财补拉成功 3 条
[2026-07-01 08:30:24]   棕榈油P Sina持仓不可靠(max_oi=0)，尝试东方财富补拉...
[2026-07-01 08:30:24]   东财补拉成功 3 条
[2026-07-01 08:30:36]   豆油Y Sina持仓不可靠(max_oi=0)，尝试东方财富补拉...
[2026-07-01 08:30:36]   东财补拉成功 3 条
[2026-07-01 08:30:36]   抓取完成: 3/3 成功
[2026-07-01 08:30:36]   写入表格...
[2026-07-01 08:30:40]   创建 菜油OI OI2609 (2026-06-30) -> morning 收 9559.0
[2026-07-01 08:30:42]   创建 棕榈油P P2609 (2026-06-30) -> morning 收 9234.0
[2026-07-01 08:30:44]   创建 豆油Y Y2609 (2026-06-30) -> morning 收 8373.0
[2026-07-01 08:30:45]   推送...
[2026-07-01 08:30:45]   推送chat开始...
[2026-07-01 08:30:46]   推送chat成功
[2026-07-01 08:30:46]   推送user开始...
[2026-07-01 08:30:47]   推送user成功
[2026-07-01 08:30:47] ==================================================
[2026-07-01 08:30:47] 完成 [morning]
[2026-07-01 12:00:01] ==================================================
[2026-07-01 12:00:01] 开始执行 [noon]
[2026-07-01 12:00:13]   菜油OI Sina持仓不可靠(max_oi=744)，尝试东方财富补拉...
[2026-07-01 12:00:13]   东财补拉成功 3 条
[2026-07-01 12:00:24]   棕榈油P Sina持仓不可靠(max_oi=0)，尝试东方财富补拉...
[2026-07-01 12:00:25]   东财补拉成功 3 条
[2026-07-01 12:00:36]   豆油Y Sina持仓不可靠(max_oi=0)，尝试东方财富补拉...
[2026-07-01 12:00:36]   东财补拉成功 3 条
[2026-07-01 12:00:36]   抓取完成: 3/3 成功
[2026-07-01 12:00:36]   写入表格...
[2026-07-01 12:00:38]   创建 菜油OI OI2609 (2026-07-01) -> noon 收 9630.0
[2026-07-01 12:00:40]   创建 棕榈油P P2609 (2026-07-01) -> noon 收 9300.0
[2026-07-01 12:00:42]   创建 豆油Y Y2609 (2026-07-01) -> noon 收 8440.0
[2026-07-01 12:00:44]   推送...
[2026-07-01 12:00:44]   推送chat开始...
[2026-07-01 12:00:45]   推送chat成功
[2026-07-01 12:00:45]   推送user开始...
[2026-07-01 12:00:46]   推送user成功
[2026-07-01 12:00:46] ==================================================
[2026-07-01 12:00:46] 完成 [noon]
[2026-07-01 16:00:02] ==================================================
[2026-07-01 16:00:02] 开始执行 [day]
[2026-07-01 16:00:32]   抓取完成: 3/3 成功
[2026-07-01 16:00:32]   写入表格...
[2026-07-01 16:00:34]   创建 菜油OI OI2609 (2026-07-01) -> day 收 9588.0
[2026-07-01 16:00:36]   创建 棕榈油P P2609 (2026-07-01) -> day 收 9268.0
[2026-07-01 16:00:39]   创建 豆油Y Y2609 (2026-07-01) -> day 收 8430.0
[2026-07-01 16:00:40]   推送...
[2026-07-01 16:00:40]   推送chat开始...
[2026-07-01 16:00:41]   推送chat成功
[2026-07-01 16:00:41]   推送user开始...
[2026-07-01 16:00:42]   推送user成功
[2026-07-01 16:00:42] ==================================================
[2026-07-01 16:00:42] 完成 [day]
[2026-07-02 08:30:02] ==================================================
[2026-07-02 08:30:02] 开始执行 [morning]
[2026-07-02 08:30:12]   菜油OI Sina持仓不可靠(max_oi=744)，尝试东方财富补拉...
[2026-07-02 08:30:12]   东财补拉成功 3 条
[2026-07-02 08:30:22]   棕榈油P Sina持仓不可靠(max_oi=0)，尝试东方财富补拉...
[2026-07-02 08:30:22]   东财补拉成功 3 条
[2026-07-02 08:30:32]   豆油Y Sina持仓不可靠(max_oi=0)，尝试东方财富补拉...
[2026-07-02 08:30:32]   东财补拉成功 3 条
[2026-07-02 08:30:32]   抓取完成: 3/3 成功
[2026-07-02 08:30:32]   写入表格...
[2026-07-02 08:30:36]   创建 菜油OI OI2609 (2026-07-01) -> morning 收 9598.0
[2026-07-02 08:30:38]   创建 棕榈油P P2609 (2026-07-01) -> morning 收 9258.0
[2026-07-02 08:30:40]   创建 豆油Y Y2609 (2026-07-01) -> morning 收 8433.0
[2026-07-02 08:30:41]   推送...
[2026-07-02 08:30:41]   推送chat开始...
[2026-07-02 08:30:42]   推送chat成功
[2026-07-02 08:30:42]   推送user开始...
[2026-07-02 08:30:43]   推送user成功
[2026-07-02 08:30:43] ==================================================
[2026-07-02 08:30:43] 完成 [morning]
[2026-07-02 12:00:02] ==================================================
[2026-07-02 12:00:02] 开始执行 [noon]
[2026-07-02 12:00:11]   菜油OI Sina持仓不可靠(max_oi=744)，尝试东方财富补拉...
[2026-07-02 12:00:12]   东财补拉成功 3 条
[2026-07-02 12:00:24]   棕榈油P Sina持仓不可靠(max_oi=0)，尝试东方财富补拉...
[2026-07-02 12:00:24]   东财补拉成功 3 条
[2026-07-02 12:00:36]   豆油Y Sina持仓不可靠(max_oi=0)，尝试东方财富补拉...
[2026-07-02 12:00:36]   东财补拉成功 3 条
[2026-07-02 12:00:36]   抓取完成: 3/3 成功
[2026-07-02 12:00:36]   写入表格...
[2026-07-02 12:00:38]   创建 菜油OI OI2609 (2026-07-02) -> noon 收 9593.0
[2026-07-02 12:00:40]   创建 棕榈油P P2609 (2026-07-02) -> noon 收 9224.0
[2026-07-02 12:00:42]   创建 豆油Y Y2609 (2026-07-02) -> noon 收 8447.0
[2026-07-02 12:00:44]   推送...
[2026-07-02 12:00:44]   推送chat开始...
[2026-07-02 12:00:45]   推送chat成功
[2026-07-02 12:00:45]   推送user开始...
[2026-07-02 12:00:46]   推送user成功
[2026-07-02 12:00:46] ==================================================
[2026-07-02 12:00:46] 完成 [noon]
[2026-07-02 16:00:01] ==================================================
[2026-07-02 16:00:01] 开始执行 [day]
[2026-07-02 16:00:36]   抓取完成: 3/3 成功
[2026-07-02 16:00:36]   写入表格...
[2026-07-02 16:00:38]   创建 菜油OI OI2609 (2026-07-02) -> day 收 9571.0
[2026-07-02 16:00:41]   创建 棕榈油P P2609 (2026-07-02) -> day 收 9164.0
[2026-07-02 16:00:43]   创建 豆油Y Y2609 (2026-07-02) -> day 收 8425.0
[2026-07-02 16:00:45]   推送...
[2026-07-02 16:00:45]   推送chat开始...
[2026-07-02 16:00:46]   推送chat成功
[2026-07-02 16:00:46]   推送user开始...
[2026-07-02 16:00:47]   推送user成功
[2026-07-02 16:00:47] ==================================================
[2026-07-02 16:00:47] 完成 [day]
[2026-07-03 08:30:02] ==================================================
[2026-07-03 08:30:02] 开始执行 [morning]
[2026-07-03 08:30:13]   菜油OI Sina持仓不可靠(max_oi=744)，尝试东方财富补拉...
[2026-07-03 08:30:13]   东财补拉成功 3 条
[2026-07-03 08:30:25]   棕榈油P Sina持仓不可靠(max_oi=0)，尝试东方财富补拉...
[2026-07-03 08:30:25]   东财补拉成功 3 条
[2026-07-03 08:30:37]   豆油Y Sina持仓不可靠(max_oi=0)，尝试东方财富补拉...
[2026-07-03 08:30:37]   东财补拉成功 3 条
[2026-07-03 08:30:37]   抓取完成: 3/3 成功
[2026-07-03 08:30:37]   写入表格...
[2026-07-03 08:30:39]   创建 菜油OI OI2609 (2026-07-02) -> morning 收 9556.0
[2026-07-03 08:30:41]   创建 棕榈油P P2609 (2026-07-02) -> morning 收 9149.0
[2026-07-03 08:30:42]   创建 豆油Y Y2609 (2026-07-02) -> morning 收 8414.0
[2026-07-03 08:30:43]   推送...
[2026-07-03 08:30:43]   推送chat开始...
[2026-07-03 08:30:44]   推送chat成功
[2026-07-03 08:30:44]   推送user开始...
[2026-07-03 08:30:45]   推送user成功
[2026-07-03 08:30:45] ==================================================
[2026-07-03 08:30:45] 完成 [morning]
[2026-07-03 12:00:02] ==================================================
[2026-07-03 12:00:02] 开始执行 [noon]
[2026-07-03 12:00:12]   菜油OI Sina持仓不可靠(max_oi=744)，尝试东方财富补拉...
[2026-07-03 12:00:12]   东财补拉成功 3 条
[2026-07-03 12:00:23]   棕榈油P Sina持仓不可靠(max_oi=0)，尝试东方财富补拉...
[2026-07-03 12:00:23]   东财补拉成功 3 条
[2026-07-03 12:00:34]   豆油Y Sina持仓不可靠(max_oi=0)，尝试东方财富补拉...
[2026-07-03 12:00:34]   东财补拉成功 3 条
[2026-07-03 12:00:34]   抓取完成: 3/3 成功
[2026-07-03 12:00:34]   写入表格...
[2026-07-03 12:00:36]   创建 菜油OI OI2609 (2026-07-03) -> noon 收 9625.0
[2026-07-03 12:00:38]   创建 棕榈油P P2609 (2026-07-03) -> noon 收 9148.0
[2026-07-03 12:00:40]   创建 豆油Y Y2609 (2026-07-03) -> noon 收 8425.0
[2026-07-03 12:00:41]   推送...
[2026-07-03 12:00:41]   推送chat开始...
[2026-07-03 12:00:42]   推送chat成功
[2026-07-03 12:00:42]   推送user开始...
[2026-07-03 12:00:43]   推送user成功
[2026-07-03 12:00:43] ==================================================
[2026-07-03 12:00:43] 完成 [noon]
[2026-07-03 16:00:01] ==================================================
[2026-07-03 16:00:01] 开始执行 [day]
[2026-07-03 16:00:29]   抓取完成: 3/3 成功
[2026-07-03 16:00:29]   写入表格...
[2026-07-03 16:00:31]   创建 菜油OI OI2609 (2026-07-03) -> day 收 9644.0
[2026-07-03 16:00:34]   创建 棕榈油P P2609 (2026-07-03) -> day 收 9104.0
[2026-07-03 16:00:36]   创建 豆油Y Y2609 (2026-07-03) -> day 收 8406.0
[2026-07-03 16:00:38]   推送...
[2026-07-03 16:00:38]   推送chat开始...
[2026-07-03 16:00:39]   推送chat成功
[2026-07-03 16:00:39]   推送user开始...
[2026-07-03 16:00:40]   推送user成功
[2026-07-03 16:00:40] ==================================================
[2026-07-03 16:00:40] 完成 [day]
[2026-07-04 08:30:01] ==================================================
[2026-07-04 08:30:01] 开始执行 [morning]
[2026-07-04 08:30:12]   菜油OI Sina持仓不可靠(max_oi=744)，尝试东方财富补拉...
[2026-07-04 08:30:13]   东财补拉成功 3 条
[2026-07-04 08:30:23]   棕榈油P Sina持仓不可靠(max_oi=0)，尝试东方财富补拉...
[2026-07-04 08:30:23]   东财补拉成功 3 条
[2026-07-04 08:30:35]   豆油Y Sina持仓不可靠(max_oi=0)，尝试东方财富补拉...
[2026-07-04 08:30:35]   东财补拉成功 3 条
[2026-07-04 08:30:35]   抓取完成: 3/3 成功
[2026-07-04 08:30:35]   写入表格...
[2026-07-04 08:30:36]   创建 菜油OI OI2609 (2026-07-03) -> morning 收 9625.0
[2026-07-04 08:30:38]   创建 棕榈油P P2609 (2026-07-03) -> morning 收 9169.0
[2026-07-04 08:30:40]   创建 豆油Y Y2609 (2026-07-03) -> morning 收 8428.0
[2026-07-04 08:30:41]   推送...
[2026-07-04 08:30:41]   推送chat开始...
[2026-07-04 08:30:42]   推送chat成功
[2026-07-04 08:30:42]   推送user开始...
[2026-07-04 08:30:43]   推送user成功
[2026-07-04 08:30:43] ==================================================
[2026-07-04 08:30:43] 完成 [morning]
[2026-07-04 12:00:01] ==================================================
[2026-07-04 12:00:01] 开始执行 [noon]
[2026-07-04 12:00:12]   菜油OI Sina持仓不可靠(max_oi=744)，尝试东方财富补拉...
[2026-07-04 12:00:13]   东财补拉成功 3 条
[2026-07-04 12:00:22]   棕榈油P Sina持仓不可靠(max_oi=0)，尝试东方财富补拉...
[2026-07-04 12:00:23]   东财补拉成功 3 条
[2026-07-04 12:00:35]   豆油Y Sina持仓不可靠(max_oi=0)，尝试东方财富补拉...
[2026-07-04 12:00:36]   东财补拉成功 3 条
[2026-07-04 12:00:36]   抓取完成: 3/3 成功
[2026-07-04 12:00:36]   写入表格...
[2026-07-04 12:00:37]   创建 菜油OI OI2609 (2026-07-04) -> noon 收 9625.0
[2026-07-04 12:00:39]   创建 棕榈油P P2609 (2026-07-04) -> noon 收 9169.0
[2026-07-04 12:00:40]   创建 豆油Y Y2609 (2026-07-04) -> noon 收 8428.0
[2026-07-04 12:00:41]   推送...
[2026-07-04 12:00:41]   推送chat开始...
[2026-07-04 12:00:42]   推送chat成功
[2026-07-04 12:00:42]   推送user开始...
[2026-07-04 12:00:43]   推送user成功
[2026-07-04 12:00:43] ==================================================
[2026-07-04 12:00:43] 完成 [noon]
[2026-07-04 16:00:01] ==================================================
[2026-07-04 16:00:01] 开始执行 [day]
[2026-07-04 16:00:11]   菜油OI Sina持仓不可靠(max_oi=744)，尝试东方财富补拉...
[2026-07-04 16:00:12]   东财补拉成功 3 条
[2026-07-04 16:00:24]   棕榈油P Sina持仓不可靠(max_oi=0)，尝试东方财富补拉...
[2026-07-04 16:00:24]   东财补拉成功 3 条
[2026-07-04 16:00:35]   豆油Y Sina持仓不可靠(max_oi=0)，尝试东方财富补拉...
[2026-07-04 16:00:35]   东财补拉成功 3 条
[2026-07-04 16:00:35]   抓取完成: 3/3 成功
[2026-07-04 16:00:35]   写入表格...
[2026-07-04 16:00:37]   创建 菜油OI OI2609 (2026-07-04) -> day 收 9625.0
[2026-07-04 16:00:39]   创建 棕榈油P P2609 (2026-07-04) -> day 收 9169.0
[2026-07-04 16:00:40]   创建 豆油Y Y2609 (2026-07-04) -> day 收 8428.0
[2026-07-04 16:00:41]   推送...
[2026-07-04 16:00:41]   推送chat开始...
[2026-07-04 16:00:42]   推送chat成功
[2026-07-04 16:00:42]   推送user开始...
[2026-07-04 16:00:43]   推送user成功
[2026-07-04 16:00:43] ==================================================
[2026-07-04 16:00:43] 完成 [day]
[2026-07-05 08:30:01] ==================================================
[2026-07-05 08:30:01] 开始执行 [morning]
[2026-07-05 08:30:09]   菜油OI Sina持仓不可靠(max_oi=744)，尝试东方财富补拉...
[2026-07-05 08:30:10]   东财补拉成功 3 条
[2026-07-05 08:30:22]   棕榈油P Sina持仓不可靠(max_oi=0)，尝试东方财富补拉...
[2026-07-05 08:30:23]   东财补拉成功 3 条
[2026-07-05 08:30:32]   豆油Y Sina持仓不可靠(max_oi=0)，尝试东方财富补拉...
[2026-07-05 08:30:32]   东财补拉成功 3 条
[2026-07-05 08:30:32]   抓取完成: 3/3 成功
[2026-07-05 08:30:32]   写入表格...
[2026-07-05 08:30:34]   创建 菜油OI OI2609 (2026-07-04) -> morning 收 9625.0
[2026-07-05 08:30:36]   创建 棕榈油P P2609 (2026-07-04) -> morning 收 9169.0
[2026-07-05 08:30:38]   创建 豆油Y Y2609 (2026-07-04) -> morning 收 8428.0
[2026-07-05 08:30:38]   推送...
[2026-07-05 08:30:38]   推送chat开始...
[2026-07-05 08:30:39]   推送chat成功
[2026-07-05 08:30:39]   推送user开始...
[2026-07-05 08:30:40]   推送user成功
[2026-07-05 08:30:40] ==================================================
[2026-07-05 08:30:40] 完成 [morning]
[2026-07-05 12:00:01] ==================================================
[2026-07-05 12:00:01] 开始执行 [noon]
[2026-07-05 12:00:14]   菜油OI Sina持仓不可靠(max_oi=744)，尝试东方财富补拉...
[2026-07-05 12:00:15]   东财补拉成功 3 条
[2026-07-05 12:00:25]   棕榈油P Sina持仓不可靠(max_oi=0)，尝试东方财富补拉...
[2026-07-05 12:00:26]   东财补拉成功 3 条
[2026-07-05 12:00:37]   豆油Y Sina持仓不可靠(max_oi=0)，尝试东方财富补拉...
[2026-07-05 12:00:38]   东财补拉成功 3 条
[2026-07-05 12:00:38]   抓取完成: 3/3 成功
[2026-07-05 12:00:38]   写入表格...
[2026-07-05 12:00:39]   创建 菜油OI OI2609 (2026-07-05) -> noon 收 9625.0
[2026-07-05 12:00:41]   创建 棕榈油P P2609 (2026-07-05) -> noon 收 9169.0
[2026-07-05 12:00:43]   创建 豆油Y Y2609 (2026-07-05) -> noon 收 8428.0
[2026-07-05 12:00:44]   推送...
[2026-07-05 12:00:44]   推送chat开始...
[2026-07-05 12:00:44]   推送chat成功
[2026-07-05 12:00:44]   推送user开始...
[2026-07-05 12:00:45]   推送user成功
[2026-07-05 12:00:45] ==================================================
[2026-07-05 12:00:45] 完成 [noon]
[2026-07-05 16:00:01] ==================================================
[2026-07-05 16:00:01] 开始执行 [day]
[2026-07-05 16:00:12]   菜油OI Sina持仓不可靠(max_oi=744)，尝试东方财富补拉...
[2026-07-05 16:00:13]   东财补拉成功 3 条
[2026-07-05 16:00:24]   棕榈油P Sina持仓不可靠(max_oi=0)，尝试东方财富补拉...
[2026-07-05 16:00:25]   东财补拉成功 3 条
[2026-07-05 16:00:34]   豆油Y Sina持仓不可靠(max_oi=0)，尝试东方财富补拉...
[2026-07-05 16:00:35]   东财补拉成功 3 条
[2026-07-05 16:00:35]   抓取完成: 3/3 成功
[2026-07-05 16:00:35]   写入表格...
[2026-07-05 16:00:36]   创建 菜油OI OI2609 (2026-07-05) -> day 收 9625.0
[2026-07-05 16:00:38]   创建 棕榈油P P2609 (2026-07-05) -> day 收 9169.0
[2026-07-05 16:00:39]   创建 豆油Y Y2609 (2026-07-05) -> day 收 8428.0
[2026-07-05 16:00:40]   推送...
[2026-07-05 16:00:40]   推送chat开始...
[2026-07-05 16:00:41]   推送chat成功
[2026-07-05 16:00:41]   推送user开始...
[2026-07-05 16:00:42]   推送user成功
[2026-07-05 16:00:42] ==================================================
[2026-07-05 16:00:42] 完成 [day]
[2026-07-06 08:30:01] ==================================================
[2026-07-06 08:30:01] 开始执行 [morning]
[2026-07-06 08:30:11]   菜油OI Sina持仓不可靠(max_oi=744)，尝试东方财富补拉...
[2026-07-06 08:30:11]   东财补拉成功 3 条
[2026-07-06 08:30:22]   棕榈油P Sina持仓不可靠(max_oi=0)，尝试东方财富补拉...
[2026-07-06 08:30:23]   东财补拉成功 3 条
[2026-07-06 08:30:35]   豆油Y Sina持仓不可靠(max_oi=0)，尝试东方财富补拉...
[2026-07-06 08:30:35]   东财补拉成功 3 条
[2026-07-06 08:30:35]   抓取完成: 3/3 成功
[2026-07-06 08:30:35]   写入表格...
[2026-07-06 08:30:37]   创建 菜油OI OI2609 (2026-07-05) -> morning 收 9625.0
[2026-07-06 08:30:39]   创建 棕榈油P P2609 (2026-07-05) -> morning 收 9169.0
[2026-07-06 08:30:40]   创建 豆油Y Y2609 (2026-07-05) -> morning 收 8428.0
[2026-07-06 08:30:41]   推送...
[2026-07-06 08:30:41]   推送chat开始...
[2026-07-06 08:30:42]   推送chat成功
[2026-07-06 08:30:42]   推送user开始...
[2026-07-06 08:30:43]   推送user成功
[2026-07-06 08:30:43] ==================================================
[2026-07-06 08:30:43] 完成 [morning]
[2026-07-06 12:00:01] ==================================================
[2026-07-06 12:00:01] 开始执行 [noon]
[2026-07-06 12:00:11]   菜油OI Sina持仓不可靠(max_oi=744)，尝试东方财富补拉...
[2026-07-06 12:00:12]   东财补拉成功 3 条
[2026-07-06 12:00:23]   棕榈油P Sina持仓不可靠(max_oi=0)，尝试东方财富补拉...
[2026-07-06 12:00:24]   东财补拉成功 3 条
[2026-07-06 12:00:35]   豆油Y Sina持仓不可靠(max_oi=0)，尝试东方财富补拉...
[2026-07-06 12:00:36]   东财补拉成功 3 条
[2026-07-06 12:00:36]   抓取完成: 3/3 成功
[2026-07-06 12:00:36]   写入表格...
[2026-07-06 12:00:37]   创建 菜油OI OI2609 (2026-07-06) -> noon 收 9733.0
[2026-07-06 12:00:40]   创建 棕榈油P P2609 (2026-07-06) -> noon 收 9253.0
[2026-07-06 12:00:41]   创建 豆油Y Y2609 (2026-07-06) -> noon 收 8503.0
[2026-07-06 12:00:42]   推送...
[2026-07-06 12:00:42]   推送chat开始...
[2026-07-06 12:00:44]   推送chat成功
[2026-07-06 12:00:44]   推送user开始...
[2026-07-06 12:00:45]   推送user成功
[2026-07-06 12:00:45] ==================================================
[2026-07-06 12:00:45] 完成 [noon]
[2026-07-06 16:00:01] ==================================================
[2026-07-06 16:00:01] 开始执行 [day]
[2026-07-06 16:00:35]   抓取完成: 3/3 成功
[2026-07-06 16:00:35]   写入表格...
[2026-07-06 16:00:38]   创建 菜油OI OI2609 (2026-07-06) -> day 收 9741.0
[2026-07-06 16:00:42]   创建 棕榈油P P2609 (2026-07-06) -> day 收 9245.0
[2026-07-06 16:00:44]   创建 豆油Y Y2609 (2026-07-06) -> day 收 8510.0
[2026-07-06 16:00:46]   推送...
[2026-07-06 16:00:46]   推送chat开始...
[2026-07-06 16:00:47]   推送chat成功
[2026-07-06 16:00:47]   推送user开始...
[2026-07-06 16:00:48]   推送user成功
[2026-07-06 16:00:48] ==================================================
[2026-07-06 16:00:48] 完成 [day]
[2026-07-07 08:30:02] ==================================================
[2026-07-07 08:30:02] 开始执行 [morning]
[2026-07-07 08:30:14]   菜油OI Sina持仓不可靠(max_oi=744)，尝试东方财富补拉...
[2026-07-07 08:30:15]   东财补拉成功 3 条
[2026-07-07 08:30:27]   棕榈油P Sina持仓不可靠(max_oi=0)，尝试东方财富补拉...
[2026-07-07 08:30:27]   东财补拉成功 3 条
[2026-07-07 08:30:37]   豆油Y Sina持仓不可靠(max_oi=0)，尝试东方财富补拉...
[2026-07-07 08:30:38]   东财补拉成功 3 条
[2026-07-07 08:30:38]   抓取完成: 3/3 成功
[2026-07-07 08:30:38]   写入表格...
[2026-07-07 08:30:42]   创建 菜油OI OI2609 (2026-07-06) -> morning 收 9769.0
[2026-07-07 08:30:46]   创建 棕榈油P P2609 (2026-07-06) -> morning 收 9296.0
[2026-07-07 08:30:48]   创建 豆油Y Y2609 (2026-07-06) -> morning 收 8555.0
[2026-07-07 08:30:50]   推送...
[2026-07-07 08:30:50]   推送chat开始...
[2026-07-07 08:30:50]   推送chat成功
[2026-07-07 08:30:50]   推送user开始...
[2026-07-07 08:30:51]   推送user成功
[2026-07-07 08:30:51] ==================================================
[2026-07-07 08:30:51] 完成 [morning]
[2026-07-07 12:00:02] ==================================================
[2026-07-07 12:00:02] 开始执行 [noon]
[2026-07-07 12:00:16]   菜油OI Sina持仓不可靠(max_oi=744)，尝试东方财富补拉...
[2026-07-07 12:00:21]   东财补拉成功 3 条
[2026-07-07 12:00:32]   棕榈油P Sina持仓不可靠(max_oi=0)，尝试东方财富补拉...
[2026-07-07 12:00:33]   东财补拉成功 3 条
[2026-07-07 12:00:46]   豆油Y Sina持仓不可靠(max_oi=0)，尝试东方财富补拉...
[2026-07-07 12:00:47]   东财补拉成功 3 条
[2026-07-07 12:00:47]   抓取完成: 3/3 成功
[2026-07-07 12:00:47]   写入表格...
[2026-07-07 12:01:07]   创建 菜油OI OI2609 (2026-07-07) -> noon 收 9872.0
[2026-07-07 12:01:11]   创建 棕榈油P P2609 (2026-07-07) -> noon 收 9316.0
[2026-07-07 12:01:14]   创建 豆油Y Y2609 (2026-07-07) -> noon 收 8581.0
[2026-07-07 12:01:16]   推送...
[2026-07-07 12:01:16]   推送chat开始...
[2026-07-07 12:01:17]   推送chat成功
[2026-07-07 12:01:17]   推送user开始...
[2026-07-07 12:01:18]   推送user成功
[2026-07-07 12:01:18] ==================================================
[2026-07-07 12:01:18] 完成 [noon]
[2026-07-07 16:00:01] ==================================================
[2026-07-07 16:00:01] 开始执行 [day]
[2026-07-07 16:00:37]   抓取完成: 3/3 成功
[2026-07-07 16:00:37]   写入表格...
[2026-07-07 16:00:39]   创建 菜油OI OI2609 (2026-07-07) -> day 收 9858.0
[2026-07-07 16:00:44]   创建 棕榈油P P2609 (2026-07-07) -> day 收 9340.0
[2026-07-07 16:00:47]   创建 豆油Y Y2609 (2026-07-07) -> day 收 8587.0
[2026-07-07 16:00:49]   推送...
[2026-07-07 16:00:49]   推送chat开始...
[2026-07-07 16:00:51]   推送chat成功
[2026-07-07 16:00:51]   推送user开始...
[2026-07-07 16:00:53]   推送user成功
[2026-07-07 16:00:53] ==================================================
[2026-07-07 16:00:53] 完成 [day]
[2026-07-08 08:30:02] ==================================================
[2026-07-08 08:30:02] 开始执行 [morning]
[2026-07-08 08:30:11]   菜油OI Sina持仓不可靠(max_oi=744)，尝试东方财富补拉...
[2026-07-08 08:30:12]   东财补拉成功 3 条
[2026-07-08 08:30:25]   棕榈油P Sina持仓不可靠(max_oi=0)，尝试东方财富补拉...
[2026-07-08 08:30:25]   东财补拉成功 3 条
[2026-07-08 08:30:35]   豆油Y Sina持仓不可靠(max_oi=0)，尝试东方财富补拉...
[2026-07-08 08:30:36]   东财补拉成功 3 条
[2026-07-08 08:30:36]   抓取完成: 3/3 成功
[2026-07-08 08:30:36]   写入表格...
[2026-07-08 08:30:38]   创建 菜油OI OI2609 (2026-07-07) -> morning 收 9868.0
[2026-07-08 08:30:41]   创建 棕榈油P P2609 (2026-07-07) -> morning 收 9302.0
[2026-07-08 08:30:43]   创建 豆油Y Y2609 (2026-07-07) -> morning 收 8572.0
[2026-07-08 08:30:45]   推送...
[2026-07-08 08:30:45]   推送chat开始...
[2026-07-08 08:30:46]   推送chat成功
[2026-07-08 08:30:46]   推送user开始...
[2026-07-08 08:30:47]   推送user成功
[2026-07-08 08:30:47] ==================================================
[2026-07-08 08:30:47] 完成 [morning]
[2026-07-08 12:00:02] ==================================================
[2026-07-08 12:00:02] 开始执行 [noon]
[2026-07-08 12:00:13]   菜油OI Sina持仓不可靠(max_oi=744)，尝试东方财富补拉...
[2026-07-08 12:00:14]   东财补拉成功 3 条
[2026-07-08 12:00:22]   棕榈油P Sina持仓不可靠(max_oi=0)，尝试东方财富补拉...
[2026-07-08 12:00:23]   东财补拉成功 3 条
[2026-07-08 12:00:31]   豆油Y Sina持仓不可靠(max_oi=0)，尝试东方财富补拉...
[2026-07-08 12:00:32]   东财补拉成功 3 条
[2026-07-08 12:00:32]   抓取完成: 3/3 成功
[2026-07-08 12:00:32]   写入表格...
[2026-07-08 12:00:36]   创建 菜油OI OI2609 (2026-07-08) -> noon 收 9929.0
[2026-07-08 12:00:40]   创建 棕榈油P P2609 (2026-07-08) -> noon 收 9379.0
[2026-07-08 12:00:43]   创建 豆油Y Y2609 (2026-07-08) -> noon 收 8646.0
[2026-07-08 12:00:44]   推送...
[2026-07-08 12:00:44]   推送chat开始...
[2026-07-08 12:00:45]   推送chat成功
[2026-07-08 12:00:45]   推送user开始...
[2026-07-08 12:00:47]   推送user成功
[2026-07-08 12:00:47] ==================================================
[2026-07-08 12:00:47] 完成 [noon]
[2026-07-08 16:00:02] ==================================================
[2026-07-08 16:00:02] 开始执行 [day]
[2026-07-08 16:00:30]   抓取完成: 3/3 成功
[2026-07-08 16:00:30]   写入表格...
[2026-07-08 16:00:35]   创建 菜油OI OI2609 (2026-07-08) -> day 收 9844.0
[2026-07-08 16:00:40]   创建 棕榈油P P2609 (2026-07-08) -> day 收 9341.0
[2026-07-08 16:00:43]   创建 豆油Y Y2609 (2026-07-08) -> day 收 8616.0
[2026-07-08 16:00:46]   推送...
[2026-07-08 16:00:46]   推送chat开始...
[2026-07-08 16:00:47]   推送chat成功
[2026-07-08 16:00:47]   推送user开始...
[2026-07-08 16:00:48]   推送user成功
[2026-07-08 16:00:48] ==================================================
[2026-07-08 16:00:48] 完成 [day]
[2026-07-09 08:30:02] ==================================================
[2026-07-09 08:30:02] 开始执行 [morning]
[2026-07-09 08:30:14]   菜油OI Sina持仓不可靠(max_oi=744)，尝试东方财富补拉...
[2026-07-09 08:30:15]   东财补拉成功 3 条
[2026-07-09 08:30:24]   棕榈油P Sina持仓不可靠(max_oi=0)，尝试东方财富补拉...
[2026-07-09 08:30:25]   东财补拉成功 3 条
[2026-07-09 08:30:34]   豆油Y Sina持仓不可靠(max_oi=0)，尝试东方财富补拉...
[2026-07-09 08:30:35]   东财补拉成功 3 条
[2026-07-09 08:30:35]   抓取完成: 3/3 成功
[2026-07-09 08:30:35]   写入表格...
[2026-07-09 08:30:37]   创建 菜油OI OI2609 (2026-07-08) -> morning 收 9902.0
[2026-07-09 08:30:39]   创建 棕榈油P P2609 (2026-07-08) -> morning 收 9422.0
[2026-07-09 08:30:41]   创建 豆油Y Y2609 (2026-07-08) -> morning 收 8648.0
[2026-07-09 08:30:42]   推送...
[2026-07-09 08:30:42]   推送chat开始...
[2026-07-09 08:30:43]   推送chat成功
[2026-07-09 08:30:43]   推送user开始...
[2026-07-09 08:30:44]   推送user成功
[2026-07-09 08:30:44] ==================================================
[2026-07-09 08:30:44] 完成 [morning]
[2026-07-09 12:00:03] ==================================================
[2026-07-09 12:00:03] 开始执行 [noon]
[2026-07-09 12:00:11]   菜油OI Sina持仓不可靠(max_oi=744)，尝试东方财富补拉...
[2026-07-09 12:00:11]   东财补拉成功 3 条
[2026-07-09 12:00:23]   棕榈油P Sina持仓不可靠(max_oi=0)，尝试东方财富补拉...
[2026-07-09 12:00:24]   东财补拉成功 3 条
[2026-07-09 12:00:35]   豆油Y Sina持仓不可靠(max_oi=0)，尝试东方财富补拉...
[2026-07-09 12:00:36]   东财补拉成功 3 条
[2026-07-09 12:00:36]   抓取完成: 3/3 成功
[2026-07-09 12:00:36]   写入表格...
[2026-07-09 12:00:37]   创建 菜油OI OI2609 (2026-07-09) -> noon 收 9898.0
[2026-07-09 12:00:39]   创建 棕榈油P P2609 (2026-07-09) -> noon 收 9375.0
[2026-07-09 12:00:41]   创建 豆油Y Y2609 (2026-07-09) -> noon 收 8600.0
[2026-07-09 12:00:42]   推送...
[2026-07-09 12:00:42]   推送chat开始...
[2026-07-09 12:00:43]   推送chat成功
[2026-07-09 12:00:43]   推送user开始...
[2026-07-09 12:00:45]   推送user成功
[2026-07-09 12:00:45] ==================================================
[2026-07-09 12:00:45] 完成 [noon]
[2026-07-09 16:00:02] ==================================================
[2026-07-09 16:00:02] 开始执行 [day]
[2026-07-09 16:00:34]   抓取完成: 3/3 成功
[2026-07-09 16:00:34]   写入表格...
[2026-07-09 16:00:45]   创建 菜油OI OI2609 (2026-07-09) -> day 收 9902.0
[2026-07-09 16:00:48]   创建 棕榈油P P2609 (2026-07-09) -> day 收 9354.0
[2026-07-09 16:00:51]   创建 豆油Y Y2609 (2026-07-09) -> day 收 8610.0
[2026-07-09 16:00:52]   推送...
[2026-07-09 16:00:52]   推送chat开始...
[2026-07-09 16:00:54]   推送chat成功
[2026-07-09 16:00:54]   推送user开始...
[2026-07-09 16:00:56]   推送user成功
[2026-07-09 16:00:56] ==================================================
[2026-07-09 16:00:56] 完成 [day]
[2026-07-10 08:30:02] ==================================================
[2026-07-10 08:30:02] 开始执行 [morning]
[2026-07-10 08:30:14]   菜油OI Sina持仓不可靠(max_oi=744)，尝试东方财富补拉...
[2026-07-10 08:30:14]   东财补拉成功 3 条
[2026-07-10 08:30:25]   棕榈油P Sina持仓不可靠(max_oi=0)，尝试东方财富补拉...
[2026-07-10 08:30:26]   东财补拉成功 3 条
[2026-07-10 08:30:36]   豆油Y Sina持仓不可靠(max_oi=0)，尝试东方财富补拉...
[2026-07-10 08:30:37]   东财补拉成功 3 条
[2026-07-10 08:30:37]   抓取完成: 3/3 成功
[2026-07-10 08:30:37]   写入表格...
[2026-07-10 08:30:38]   创建 菜油OI OI2609 (2026-07-09) -> morning 收 9895.0
[2026-07-10 08:30:41]   创建 棕榈油P P2609 (2026-07-09) -> morning 收 9322.0
[2026-07-10 08:30:43]   创建 豆油Y Y2609 (2026-07-09) -> morning 收 8593.0
[2026-07-10 08:30:44]   推送...
[2026-07-10 08:30:44]   推送chat开始...
[2026-07-10 08:30:45]   推送chat成功
[2026-07-10 08:30:45]   推送user开始...
[2026-07-10 08:30:46]   推送user成功
[2026-07-10 08:30:46] ==================================================
[2026-07-10 08:30:46] 完成 [morning]
[2026-07-10 12:00:02] ==================================================
[2026-07-10 12:00:02] 开始执行 [noon]
[2026-07-10 12:00:13]   菜油OI Sina持仓不可靠(max_oi=744)，尝试东方财富补拉...
[2026-07-10 12:00:14]   东财补拉成功 3 条
[2026-07-10 12:00:26]   棕榈油P Sina持仓不可靠(max_oi=0)，尝试东方财富补拉...
[2026-07-10 12:00:26]   东财补拉成功 3 条
[2026-07-10 12:00:36]   豆油Y Sina持仓不可靠(max_oi=0)，尝试东方财富补拉...
[2026-07-10 12:00:36]   东财补拉成功 3 条
[2026-07-10 12:00:36]   抓取完成: 3/3 成功
[2026-07-10 12:00:36]   写入表格...
[2026-07-10 12:00:40]   创建 菜油OI OI2609 (2026-07-10) -> noon 收 9903.0
[2026-07-10 12:00:42]   创建 棕榈油P P2609 (2026-07-10) -> noon 收 9296.0
[2026-07-10 12:00:44]   创建 豆油Y Y2609 (2026-07-10) -> noon 收 8569.0
[2026-07-10 12:00:45]   推送...
[2026-07-10 12:00:45]   推送chat开始...
[2026-07-10 12:00:47]   推送chat成功
[2026-07-10 12:00:47]   推送user开始...
[2026-07-10 12:00:48]   推送user成功
[2026-07-10 12:00:48] ==================================================
[2026-07-10 12:00:48] 完成 [noon]
[2026-07-10 16:00:02] ==================================================
[2026-07-10 16:00:02] 开始执行 [day]
[2026-07-10 16:00:32]   抓取完成: 3/3 成功
[2026-07-10 16:00:32]   写入表格...
[2026-07-10 16:00:34]   创建 菜油OI OI2609 (2026-07-10) -> day 收 9908.0
[2026-07-10 16:00:38]   创建 棕榈油P P2609 (2026-07-10) -> day 收 9222.0
[2026-07-10 16:00:41]   创建 豆油Y Y2609 (2026-07-10) -> day 收 8543.0
[2026-07-10 16:00:42]   推送...
[2026-07-10 16:00:42]   推送chat开始...
[2026-07-10 16:00:44]   推送chat成功
[2026-07-10 16:00:44]   推送user开始...
[2026-07-10 16:00:45]   推送user成功
[2026-07-10 16:00:45] ==================================================
[2026-07-10 16:00:45] 完成 [day]
[2026-07-11 08:30:02] ==================================================
[2026-07-11 08:30:02] 开始执行 [morning]
[2026-07-11 08:30:11]   菜油OI Sina持仓不可靠(max_oi=744)，尝试东方财富补拉...
[2026-07-11 08:30:12]   东财补拉成功 3 条
[2026-07-11 08:30:24]   棕榈油P Sina持仓不可靠(max_oi=0)，尝试东方财富补拉...
[2026-07-11 08:30:24]   东财补拉成功 3 条
[2026-07-11 08:30:35]   豆油Y Sina持仓不可靠(max_oi=0)，尝试东方财富补拉...
[2026-07-11 08:30:35]   东财补拉成功 3 条
[2026-07-11 08:30:35]   抓取完成: 3/3 成功
[2026-07-11 08:30:35]   写入表格...
[2026-07-11 08:30:37]   创建 菜油OI OI2609 (2026-07-10) -> morning 收 9955.0
[2026-07-11 08:30:39]   创建 棕榈油P P2609 (2026-07-10) -> morning 收 9279.0
[2026-07-11 08:30:41]   创建 豆油Y Y2609 (2026-07-10) -> morning 收 8568.0
[2026-07-11 08:30:42]   推送...
[2026-07-11 08:30:42]   推送chat开始...
[2026-07-11 08:30:42]   推送chat成功
[2026-07-11 08:30:42]   推送user开始...
[2026-07-11 08:30:44]   推送user成功
[2026-07-11 08:30:44] ==================================================
[2026-07-11 08:30:44] 完成 [morning]
[2026-07-11 12:00:02] ==================================================
[2026-07-11 12:00:02] 开始执行 [noon]
[2026-07-11 12:00:13]   菜油OI Sina持仓不可靠(max_oi=744)，尝试东方财富补拉...
[2026-07-11 12:00:14]   东财补拉成功 3 条
[2026-07-11 12:00:27]   棕榈油P Sina持仓不可靠(max_oi=0)，尝试东方财富补拉...
[2026-07-11 12:00:28]   东财补拉成功 3 条
[2026-07-11 12:00:37]   豆油Y Sina持仓不可靠(max_oi=0)，尝试东方财富补拉...
[2026-07-11 12:00:38]   东财补拉成功 3 条
[2026-07-11 12:00:38]   抓取完成: 3/3 成功
[2026-07-11 12:00:38]   写入表格...
[2026-07-11 12:00:42]   创建 菜油OI OI2609 (2026-07-11) -> noon 收 9955.0
[2026-07-11 12:00:44]   创建 棕榈油P P2609 (2026-07-11) -> noon 收 9279.0
[2026-07-11 12:00:46]   创建 豆油Y Y2609 (2026-07-11) -> noon 收 8568.0
[2026-07-11 12:00:47]   推送...
[2026-07-11 12:00:47]   推送chat开始...
[2026-07-11 12:00:48]   推送chat成功
[2026-07-11 12:00:48]   推送user开始...
[2026-07-11 12:00:49]   推送user成功
[2026-07-11 12:00:49] ==================================================
[2026-07-11 12:00:49] 完成 [noon]
[2026-07-11 16:00:01] ==================================================
[2026-07-11 16:00:01] 开始执行 [day]
[2026-07-11 16:00:12]   菜油OI Sina持仓不可靠(max_oi=744)，尝试东方财富补拉...
[2026-07-11 16:00:13]   东财补拉成功 3 条
[2026-07-11 16:00:23]   棕榈油P Sina持仓不可靠(max_oi=0)，尝试东方财富补拉...
[2026-07-11 16:00:23]   东财补拉成功 3 条
[2026-07-11 16:00:33]   豆油Y Sina持仓不可靠(max_oi=0)，尝试东方财富补拉...
[2026-07-11 16:00:34]   东财补拉成功 3 条
[2026-07-11 16:00:34]   抓取完成: 3/3 成功
[2026-07-11 16:00:34]   写入表格...
[2026-07-11 16:00:35]   创建 菜油OI OI2609 (2026-07-11) -> day 收 9955.0
[2026-07-11 16:00:37]   创建 棕榈油P P2609 (2026-07-11) -> day 收 9279.0
[2026-07-11 16:00:39]   创建 豆油Y Y2609 (2026-07-11) -> day 收 8568.0
[2026-07-11 16:00:40]   推送...
[2026-07-11 16:00:40]   推送chat开始...
[2026-07-11 16:00:41]   推送chat成功
[2026-07-11 16:00:41]   推送user开始...
[2026-07-11 16:00:42]   推送user成功
[2026-07-11 16:00:42] ==================================================
[2026-07-11 16:00:42] 完成 [day]
[2026-07-12 08:30:02] ==================================================
[2026-07-12 08:30:02] 开始执行 [morning]
[2026-07-12 08:30:15]   菜油OI Sina持仓不可靠(max_oi=744)，尝试东方财富补拉...
[2026-07-12 08:30:16]   东财补拉成功 3 条
[2026-07-12 08:30:27]   棕榈油P Sina持仓不可靠(max_oi=0)，尝试东方财富补拉...
[2026-07-12 08:30:28]   东财补拉成功 3 条
[2026-07-12 08:30:36]   豆油Y Sina持仓不可靠(max_oi=0)，尝试东方财富补拉...
[2026-07-12 08:30:38]   东财补拉成功 3 条
[2026-07-12 08:30:38]   抓取完成: 3/3 成功
[2026-07-12 08:30:38]   写入表格...
[2026-07-12 08:30:39]   创建 菜油OI OI2609 (2026-07-11) -> morning 收 9955.0
[2026-07-12 08:30:42]   创建 棕榈油P P2609 (2026-07-11) -> morning 收 9279.0
[2026-07-12 08:30:43]   创建 豆油Y Y2609 (2026-07-11) -> morning 收 8568.0
[2026-07-12 08:30:44]   推送...
[2026-07-12 08:30:44]   推送chat开始...
[2026-07-12 08:30:45]   推送chat成功
[2026-07-12 08:30:45]   推送user开始...
[2026-07-12 08:30:46]   推送user成功
[2026-07-12 08:30:46] ==================================================
[2026-07-12 08:30:46] 完成 [morning]
[2026-07-12 12:00:02] ==================================================
[2026-07-12 12:00:02] 开始执行 [noon]
[2026-07-12 12:00:13]   菜油OI Sina持仓不可靠(max_oi=744)，尝试东方财富补拉...
[2026-07-12 12:00:14]   东财补拉成功 3 条
[2026-07-12 12:00:25]   棕榈油P Sina持仓不可靠(max_oi=0)，尝试东方财富补拉...
[2026-07-12 12:00:27]   东财补拉成功 3 条
[2026-07-12 12:00:36]   豆油Y Sina持仓不可靠(max_oi=0)，尝试东方财富补拉...
[2026-07-12 12:00:36]   东财补拉成功 3 条
[2026-07-12 12:00:36]   抓取完成: 3/3 成功
[2026-07-12 12:00:36]   写入表格...
[2026-07-12 12:00:40]   创建 菜油OI OI2609 (2026-07-12) -> noon 收 9955.0
[2026-07-12 12:00:42]   创建 棕榈油P P2609 (2026-07-12) -> noon 收 9279.0
[2026-07-12 12:00:44]   创建 豆油Y Y2609 (2026-07-12) -> noon 收 8568.0
[2026-07-12 12:00:45]   推送...
[2026-07-12 12:00:45]   推送chat开始...
[2026-07-12 12:00:46]   推送chat成功
[2026-07-12 12:00:46]   推送user开始...
[2026-07-12 12:00:47]   推送user成功
[2026-07-12 12:00:47] ==================================================
[2026-07-12 12:00:47] 完成 [noon]
[2026-07-12 16:00:02] ==================================================
[2026-07-12 16:00:02] 开始执行 [day]
[2026-07-12 16:00:13]   菜油OI Sina持仓不可靠(max_oi=744)，尝试东方财富补拉...
[2026-07-12 16:00:14]   东财补拉成功 3 条
[2026-07-12 16:00:27]   棕榈油P Sina持仓不可靠(max_oi=0)，尝试东方财富补拉...
[2026-07-12 16:00:28]   东财补拉成功 3 条
[2026-07-12 16:00:37]   豆油Y Sina持仓不可靠(max_oi=0)，尝试东方财富补拉...
[2026-07-12 16:00:38]   东财补拉成功 3 条
[2026-07-12 16:00:38]   抓取完成: 3/3 成功
[2026-07-12 16:00:38]   写入表格...
[2026-07-12 16:00:40]   创建 菜油OI OI2609 (2026-07-12) -> day 收 9955.0
[2026-07-12 16:00:42]   创建 棕榈油P P2609 (2026-07-12) -> day 收 9279.0
[2026-07-12 16:00:44]   创建 豆油Y Y2609 (2026-07-12) -> day 收 8568.0
[2026-07-12 16:00:45]   推送...
[2026-07-12 16:00:45]   推送chat开始...
[2026-07-12 16:00:46]   推送chat成功
[2026-07-12 16:00:46]   推送user开始...
[2026-07-12 16:00:47]   推送user成功
[2026-07-12 16:00:47] ==================================================
[2026-07-12 16:00:47] 完成 [day]
[2026-07-13 08:30:02] ==================================================
[2026-07-13 08:30:02] 开始执行 [morning]
[2026-07-13 08:30:16]   菜油OI Sina持仓不可靠(max_oi=744)，尝试东方财富补拉...
[2026-07-13 08:30:16]   东财补拉成功 3 条
[2026-07-13 08:30:27]   棕榈油P Sina持仓不可靠(max_oi=0)，尝试东方财富补拉...
[2026-07-13 08:30:27]   东财补拉成功 3 条
[2026-07-13 08:30:39]   豆油Y Sina持仓不可靠(max_oi=0)，尝试东方财富补拉...
[2026-07-13 08:30:40]   东财补拉成功 3 条
[2026-07-13 08:30:40]   抓取完成: 3/3 成功
[2026-07-13 08:30:40]   写入表格...
[2026-07-13 08:30:41]   创建 菜油OI OI2609 (2026-07-12) -> morning 收 9955.0
[2026-07-13 08:30:44]   创建 棕榈油P P2609 (2026-07-12) -> morning 收 9279.0
[2026-07-13 08:30:45]   创建 豆油Y Y2609 (2026-07-12) -> morning 收 8568.0
[2026-07-13 08:30:46]   推送...
[2026-07-13 08:30:46]   推送chat开始...
[2026-07-13 08:30:47]   推送chat成功
[2026-07-13 08:30:47]   推送user开始...
[2026-07-13 08:30:48]   推送user成功
[2026-07-13 08:30:48] ==================================================
[2026-07-13 08:30:48] 完成 [morning]
[2026-07-13 12:00:02] ==================================================
[2026-07-13 12:00:02] 开始执行 [noon]
[2026-07-13 12:00:13]   菜油OI Sina持仓不可靠(max_oi=744)，尝试东方财富补拉...
[2026-07-13 12:00:13]   东财补拉成功 3 条
[2026-07-13 12:00:24]   棕榈油P Sina持仓不可靠(max_oi=0)，尝试东方财富补拉...
[2026-07-13 12:00:24]   东财补拉成功 3 条
[2026-07-13 12:00:37]   豆油Y Sina持仓不可靠(max_oi=0)，尝试东方财富补拉...
[2026-07-13 12:00:38]   东财补拉成功 3 条
[2026-07-13 12:00:38]   抓取完成: 3/3 成功
[2026-07-13 12:00:38]   写入表格...
[2026-07-13 12:00:42]   创建 菜油OI OI2609 (2026-07-13) -> noon 收 9885.0
[2026-07-13 12:00:44]   创建 棕榈油P P2609 (2026-07-13) -> noon 收 9250.0
[2026-07-13 12:00:46]   创建 豆油Y Y2609 (2026-07-13) -> noon 收 8570.0
[2026-07-13 12:00:47]   推送...
[2026-07-13 12:00:47]   推送chat开始...
[2026-07-13 12:00:48]   推送chat成功
[2026-07-13 12:00:48]   推送user开始...
[2026-07-13 12:00:49]   推送user成功
[2026-07-13 12:00:49] ==================================================
[2026-07-13 12:00:49] 完成 [noon]
[2026-07-13 16:00:02] ==================================================
[2026-07-13 16:00:02] 开始执行 [day]
[2026-07-13 16:00:34]   抓取完成: 3/3 成功
[2026-07-13 16:00:34]   写入表格...
[2026-07-13 16:00:36]   创建 菜油OI OI2609 (2026-07-13) -> day 收 9875.0
[2026-07-13 16:00:41]   创建 棕榈油P P2609 (2026-07-13) -> day 收 9212.0
[2026-07-13 16:00:45]   创建 豆油Y Y2609 (2026-07-13) -> day 收 8568.0
[2026-07-13 16:00:46]   推送...
[2026-07-13 16:00:46]   推送chat开始...
[2026-07-13 16:00:48]   推送chat成功
[2026-07-13 16:00:48]   推送user开始...
[2026-07-13 16:00:49]   推送user成功
[2026-07-13 16:00:49] ==================================================
[2026-07-13 16:00:49] 完成 [day]
[2026-07-14 08:30:02] ==================================================
[2026-07-14 08:30:02] 开始执行 [morning]
[2026-07-14 08:30:12]   菜油OI Sina持仓不可靠(max_oi=744)，尝试东方财富补拉...
[2026-07-14 08:30:12]   东财补拉成功 3 条
[2026-07-14 08:30:22]   棕榈油P Sina持仓不可靠(max_oi=0)，尝试东方财富补拉...
[2026-07-14 08:30:23]   东财补拉成功 3 条
[2026-07-14 08:30:34]   豆油Y Sina持仓不可靠(max_oi=0)，尝试东方财富补拉...
[2026-07-14 08:30:35]   东财补拉成功 3 条
[2026-07-14 08:30:35]   抓取完成: 3/3 成功
[2026-07-14 08:30:35]   写入表格...
[2026-07-14 08:30:37]   创建 菜油OI OI2609 (2026-07-13) -> morning 收 9919.0
[2026-07-14 08:30:39]   创建 棕榈油P P2609 (2026-07-13) -> morning 收 9245.0
[2026-07-14 08:30:41]   创建 豆油Y Y2609 (2026-07-13) -> morning 收 8587.0
[2026-07-14 08:30:42]   推送...
[2026-07-14 08:30:42]   推送chat开始...
[2026-07-14 08:30:43]   推送chat成功
[2026-07-14 08:30:43]   推送user开始...
[2026-07-14 08:30:44]   推送user成功
[2026-07-14 08:30:44] ==================================================
[2026-07-14 08:30:44] 完成 [morning]
[2026-07-14 12:00:01] ==================================================
[2026-07-14 12:00:01] 开始执行 [noon]
[2026-07-14 12:00:12]   菜油OI Sina持仓不可靠(max_oi=744)，尝试东方财富补拉...
[2026-07-14 12:00:17]   东财补拉成功 3 条
[2026-07-14 12:00:35]   棕榈油P Sina持仓不可靠(max_oi=0)，尝试东方财富补拉...
[2026-07-14 12:00:41]   东财补拉成功 3 条
[2026-07-14 12:01:00]   豆油Y Sina持仓不可靠(max_oi=0)，尝试东方财富补拉...
[2026-07-14 12:01:12]   东财补拉成功 3 条
[2026-07-14 12:01:12]   抓取完成: 3/3 成功
[2026-07-14 12:01:12]   写入表格...
[2026-07-14 12:01:15]   创建 菜油OI OI2609 (2026-07-14) -> noon 收 9928.0
[2026-07-14 12:01:19]   创建 棕榈油P P2609 (2026-07-14) -> noon 收 9285.0
[2026-07-14 12:01:21]   创建 豆油Y Y2609 (2026-07-14) -> noon 收 8591.0
[2026-07-14 12:01:23]   推送...
[2026-07-14 12:01:23]   推送chat开始...
[2026-07-14 12:01:25]   推送chat成功
[2026-07-14 12:01:25]   推送user开始...
[2026-07-14 12:01:27]   推送user成功
[2026-07-14 12:01:27] ==================================================
[2026-07-14 12:01:27] 完成 [noon]
[2026-07-14 16:00:02] ==================================================
[2026-07-14 16:00:02] 开始执行 [day]
[2026-07-14 16:00:34]   抓取完成: 3/3 成功
[2026-07-14 16:00:34]   写入表格...
[2026-07-14 16:00:37]   创建 菜油OI OI2609 (2026-07-14) -> day 收 9944.0
[2026-07-14 16:00:40]   创建 棕榈油P P2609 (2026-07-14) -> day 收 9351.0
[2026-07-14 16:00:42]   创建 豆油Y Y2609 (2026-07-14) -> day 收 8608.0
[2026-07-14 16:00:44]   推送...
[2026-07-14 16:00:44]   推送chat开始...
[2026-07-14 16:00:45]   推送chat成功
[2026-07-14 16:00:45]   推送user开始...
[2026-07-14 16:00:46]   推送user成功
[2026-07-14 16:00:46] ==================================================
[2026-07-14 16:00:46] 完成 [day]
[2026-07-15 12:00:02] ==================================================
[2026-07-15 12:00:02] 开始执行 [noon]
[2026-07-15 12:00:12]   菜油OI Sina持仓不可靠(max_oi=744)，尝试东方财富补拉...
[2026-07-15 12:00:13]   东财补拉成功 3 条
[2026-07-15 12:00:22]   棕榈油P Sina持仓不可靠(max_oi=0)，尝试东方财富补拉...
[2026-07-15 12:00:23]   东财补拉成功 3 条
[2026-07-15 12:00:33]   豆油Y Sina持仓不可靠(max_oi=0)，尝试东方财富补拉...
[2026-07-15 12:00:35]   东财补拉成功 3 条
[2026-07-15 12:00:35]   抓取完成: 3/3 成功
[2026-07-15 12:00:35]   写入表格...
[2026-07-15 12:00:37]   创建 菜油OI OI2609 (2026-07-15) -> noon 收 9938.0
[2026-07-15 12:00:39]   创建 棕榈油P P2609 (2026-07-15) -> noon 收 9316.0
[2026-07-15 12:00:41]   创建 豆油Y Y2609 (2026-07-15) -> noon 收 8599.0
[2026-07-15 12:00:42]   推送...
[2026-07-15 12:00:42]   推送chat开始...
[2026-07-15 12:00:43]   推送chat成功
[2026-07-15 12:00:43]   推送user开始...
[2026-07-15 12:00:45]   推送user成功
[2026-07-15 12:00:45] ==================================================
[2026-07-15 12:00:45] 完成 [noon]
[2026-07-15 16:00:02] ==================================================
[2026-07-15 16:00:02] 开始执行 [day]
[2026-07-15 16:00:32]   抓取完成: 3/3 成功
[2026-07-15 16:00:32]   写入表格...
[2026-07-15 16:00:34]   创建 菜油OI OI2609 (2026-07-15) -> day 收 9936.0
[2026-07-15 16:00:36]   创建 棕榈油P P2609 (2026-07-15) -> day 收 9279.0
[2026-07-15 16:00:39]   创建 豆油Y Y2609 (2026-07-15) -> day 收 8598.0
[2026-07-15 16:00:40]   推送...
[2026-07-15 16:00:40]   推送chat开始...
[2026-07-15 16:00:41]   推送chat成功
[2026-07-15 16:00:41]   推送user开始...
[2026-07-15 16:00:43]   推送user成功
[2026-07-15 16:00:43] ==================================================
[2026-07-15 16:00:43] 完成 [day]
[2026-07-16 08:30:02] ==================================================
[2026-07-16 08:30:02] 开始执行 [morning]
[2026-07-16 08:30:14]   菜油OI Sina持仓不可靠(max_oi=744)，尝试东方财富补拉...
[2026-07-16 08:30:14]   东财补拉成功 3 条
[2026-07-16 08:30:26]   棕榈油P Sina持仓不可靠(max_oi=0)，尝试东方财富补拉...
[2026-07-16 08:30:27]   东财补拉成功 3 条
[2026-07-16 08:30:39]   豆油Y Sina持仓不可靠(max_oi=0)，尝试东方财富补拉...
[2026-07-16 08:30:39]   东财补拉成功 3 条
[2026-07-16 08:30:39]   抓取完成: 3/3 成功
[2026-07-16 08:30:39]   写入表格...
[2026-07-16 08:30:42]   创建 菜油OI OI2609 (2026-07-15) -> morning 收 9967.0
[2026-07-16 08:30:45]   创建 棕榈油P P2609 (2026-07-15) -> morning 收 9265.0
[2026-07-16 08:30:48]   创建 豆油Y Y2609 (2026-07-15) -> morning 收 8589.0
[2026-07-16 08:30:49]   推送...
[2026-07-16 08:30:49]   推送chat开始...
[2026-07-16 08:30:50]   推送chat成功
[2026-07-16 08:30:50]   推送user开始...
[2026-07-16 08:30:51]   推送user成功
[2026-07-16 08:30:51] ==================================================
[2026-07-16 08:30:51] 完成 [morning]
[2026-07-16 12:09:49] ==================================================
[2026-07-16 12:09:49] 开始执行 [noon]
[2026-07-16 12:09:51]   HTTP 1/3: <urlopen error [Errno 11001] getaddrinfo failed>
[2026-07-16 12:12:30]   菜油OI Sina持仓不可靠(max_oi=744)，尝试东方财富补拉...
[2026-07-16 12:12:31]   东财补拉成功 3 条
[2026-07-16 12:12:39]   棕榈油P Sina持仓不可靠(max_oi=0)，尝试东方财富补拉...
[2026-07-16 12:12:39]   东财补拉成功 3 条
[2026-07-16 12:12:49]   豆油Y Sina持仓不可靠(max_oi=0)，尝试东方财富补拉...
[2026-07-16 12:12:49]   东财补拉成功 3 条
[2026-07-16 12:12:49]   抓取完成: 3/3 成功
[2026-07-16 12:12:49]   写入表格...
[2026-07-16 12:12:50]   创建 菜油OI OI2609 (2026-07-16) -> noon 收 10000.0
[2026-07-16 12:12:54]   创建 棕榈油P P2609 (2026-07-16) -> noon 收 9229.0
[2026-07-16 12:12:57]   创建 豆油Y Y2609 (2026-07-16) -> noon 收 8568.0
[2026-07-16 12:12:58]   推送...
[2026-07-16 12:12:58]   推送chat开始...
[2026-07-16 12:12:59]   推送chat成功
[2026-07-16 12:12:59]   推送user开始...
[2026-07-16 12:13:00]   推送user成功
[2026-07-16 12:13:00] ==================================================
[2026-07-16 12:13:00] 完成 [noon]
[2026-07-16 16:00:01] ==================================================
[2026-07-16 16:00:01] 开始执行 [day]
[2026-07-16 16:00:36]   抓取完成: 3/3 成功
[2026-07-16 16:00:36]   写入表格...
[2026-07-16 16:00:38]   创建 菜油OI OI2609 (2026-07-16) -> day 收 10037.0
[2026-07-16 16:00:42]   创建 棕榈油P P2609 (2026-07-16) -> day 收 9244.0
[2026-07-16 16:00:45]   创建 豆油Y Y2609 (2026-07-16) -> day 收 8570.0
[2026-07-16 16:00:47]   推送...
[2026-07-16 16:00:47]   推送chat开始...
[2026-07-16 16:00:48]   推送chat成功
[2026-07-16 16:00:48]   推送user开始...
[2026-07-16 16:00:49]   推送user成功
[2026-07-16 16:00:49] ==================================================
[2026-07-16 16:00:49] 完成 [day]
[2026-07-17 08:30:02] ==================================================
[2026-07-17 08:30:02] 开始执行 [morning]
[2026-07-17 08:30:13]   菜油OI Sina持仓不可靠(max_oi=744)，尝试东方财富补拉...
[2026-07-17 08:30:13]   东财补拉成功 3 条
[2026-07-17 08:30:23]   棕榈油P Sina持仓不可靠(max_oi=0)，尝试东方财富补拉...
[2026-07-17 08:30:24]   东财补拉成功 3 条
[2026-07-17 08:30:35]   豆油Y Sina持仓不可靠(max_oi=0)，尝试东方财富补拉...
[2026-07-17 08:30:35]   东财补拉成功 3 条
[2026-07-17 08:30:35]   抓取完成: 3/3 成功
[2026-07-17 08:30:35]   写入表格...
[2026-07-17 08:30:38]   创建 菜油OI OI2609 (2026-07-16) -> morning 收 10017.0
[2026-07-17 08:30:42]   创建 棕榈油P P2609 (2026-07-16) -> morning 收 9242.0
[2026-07-17 08:30:44]   创建 豆油Y Y2609 (2026-07-16) -> morning 收 8555.0
[2026-07-17 08:30:46]   推送...
[2026-07-17 08:30:46]   推送chat开始...
[2026-07-17 08:30:46]   推送chat成功
[2026-07-17 08:30:46]   推送user开始...
[2026-07-17 08:30:47]   推送user成功
[2026-07-17 08:30:47] ==================================================
[2026-07-17 08:30:47] 完成 [morning]
[2026-07-17 12:00:02] ==================================================
[2026-07-17 12:00:02] 开始执行 [noon]
[2026-07-17 12:00:13]   菜油OI Sina持仓不可靠(max_oi=744)，尝试东方财富补拉...
[2026-07-17 12:00:14]   东财补拉成功 3 条
[2026-07-17 12:00:23]   棕榈油P Sina持仓不可靠(max_oi=0)，尝试东方财富补拉...
[2026-07-17 12:00:23]   东财补拉成功 3 条
[2026-07-17 12:00:34]   豆油Y Sina持仓不可靠(max_oi=0)，尝试东方财富补拉...
[2026-07-17 12:00:34]   东财补拉成功 3 条
[2026-07-17 12:00:34]   抓取完成: 3/3 成功
[2026-07-17 12:00:34]   写入表格...
[2026-07-17 12:00:36]   创建 菜油OI OI2609 (2026-07-17) -> noon 收 9986.0
[2026-07-17 12:00:40]   创建 棕榈油P P2609 (2026-07-17) -> noon 收 9239.0
[2026-07-17 12:00:43]   创建 豆油Y Y2609 (2026-07-17) -> noon 收 8539.0
[2026-07-17 12:00:45]   推送...
[2026-07-17 12:00:45]   推送chat开始...
[2026-07-17 12:00:46]   推送chat成功
[2026-07-17 12:00:46]   推送user开始...
[2026-07-17 12:00:47]   推送user成功
[2026-07-17 12:00:47] ==================================================
[2026-07-17 12:00:47] 完成 [noon]
[2026-07-17 16:00:01] ==================================================
[2026-07-17 16:00:01] 开始执行 [day]
[2026-07-17 16:00:27]   抓取完成: 3/3 成功
[2026-07-17 16:00:27]   写入表格...
[2026-07-17 16:00:29]   创建 菜油OI OI2609 (2026-07-17) -> day 收 9936.0
[2026-07-17 16:00:33]   创建 棕榈油P P2609 (2026-07-17) -> day 收 9232.0
[2026-07-17 16:00:36]   创建 豆油Y Y2609 (2026-07-17) -> day 收 8535.0
[2026-07-17 16:00:38]   推送...
[2026-07-17 16:00:38]   推送chat开始...
[2026-07-17 16:00:46]   推送chat成功
[2026-07-17 16:00:46]   推送user开始...
[2026-07-17 16:00:47]   推送user成功
[2026-07-17 16:00:47] ==================================================
[2026-07-17 16:00:47] 完成 [day]
[2026-07-18 08:30:02] ==================================================
[2026-07-18 08:30:02] 开始执行 [morning]
[2026-07-18 08:30:15]   菜油OI Sina持仓不可靠(max_oi=744)，尝试东方财富补拉...
[2026-07-18 08:30:15]   东财补拉成功 3 条
[2026-07-18 08:30:25]   棕榈油P Sina持仓不可靠(max_oi=0)，尝试东方财富补拉...
[2026-07-18 08:30:25]   东财补拉成功 3 条
[2026-07-18 08:30:36]   豆油Y Sina持仓不可靠(max_oi=0)，尝试东方财富补拉...
[2026-07-18 08:30:37]   东财补拉成功 3 条
[2026-07-18 08:30:37]   抓取完成: 3/3 成功
[2026-07-18 08:30:37]   写入表格...
[2026-07-18 08:30:39]   创建 菜油OI OI2609 (2026-07-17) -> morning 收 10019.0
[2026-07-18 08:30:43]   创建 棕榈油P P2609 (2026-07-17) -> morning 收 9312.0
[2026-07-18 08:30:45]   创建 豆油Y Y2609 (2026-07-17) -> morning 收 8577.0
[2026-07-18 08:30:47]   推送...
[2026-07-18 08:30:47]   推送chat开始...
[2026-07-18 08:30:47]   推送chat成功
[2026-07-18 08:30:47]   推送user开始...
[2026-07-18 08:30:48]   推送user成功
[2026-07-18 08:30:48] ==================================================
[2026-07-18 08:30:48] 完成 [morning]
[2026-07-18 12:00:02] ==================================================
[2026-07-18 12:00:02] 开始执行 [noon]
[2026-07-18 12:00:11]   菜油OI Sina持仓不可靠(max_oi=744)，尝试东方财富补拉...
[2026-07-18 12:00:11]   东财补拉成功 3 条
[2026-07-18 12:00:22]   棕榈油P Sina持仓不可靠(max_oi=0)，尝试东方财富补拉...
[2026-07-18 12:00:22]   东财补拉成功 3 条
[2026-07-18 12:00:34]   豆油Y Sina持仓不可靠(max_oi=0)，尝试东方财富补拉...
[2026-07-18 12:00:34]   东财补拉成功 3 条
[2026-07-18 12:00:34]   抓取完成: 3/3 成功
[2026-07-18 12:00:34]   写入表格...
[2026-07-18 12:00:36]   创建 菜油OI OI2609 (2026-07-18) -> noon 收 10019.0
[2026-07-18 12:00:40]   创建 棕榈油P P2609 (2026-07-18) -> noon 收 9312.0
[2026-07-18 12:00:42]   创建 豆油Y Y2609 (2026-07-18) -> noon 收 8577.0
[2026-07-18 12:00:44]   推送...
[2026-07-18 12:00:44]   推送chat开始...
[2026-07-18 12:00:45]   推送chat成功
[2026-07-18 12:00:45]   推送user开始...
[2026-07-18 12:00:46]   推送user成功
[2026-07-18 12:00:46] ==================================================
[2026-07-18 12:00:46] 完成 [noon]
[2026-07-18 16:00:01] ==================================================
[2026-07-18 16:00:01] 开始执行 [day]
[2026-07-18 16:00:12]   菜油OI Sina持仓不可靠(max_oi=744)，尝试东方财富补拉...
[2026-07-18 16:00:12]   东财补拉成功 3 条
[2026-07-18 16:00:24]   棕榈油P Sina持仓不可靠(max_oi=0)，尝试东方财富补拉...
[2026-07-18 16:00:24]   东财补拉成功 3 条
[2026-07-18 16:00:34]   豆油Y Sina持仓不可靠(max_oi=0)，尝试东方财富补拉...
[2026-07-18 16:00:34]   东财补拉成功 3 条
[2026-07-18 16:00:34]   抓取完成: 3/3 成功
[2026-07-18 16:00:34]   写入表格...
[2026-07-18 16:00:36]   创建 菜油OI OI2609 (2026-07-18) -> day 收 10019.0
[2026-07-18 16:00:40]   创建 棕榈油P P2609 (2026-07-18) -> day 收 9312.0
[2026-07-18 16:00:42]   创建 豆油Y Y2609 (2026-07-18) -> day 收 8577.0
[2026-07-18 16:00:44]   推送...
[2026-07-18 16:00:44]   推送chat开始...
[2026-07-18 16:00:45]   推送chat成功
[2026-07-18 16:00:45]   推送user开始...
[2026-07-18 16:00:46]   推送user成功
[2026-07-18 16:00:46] ==================================================
[2026-07-18 16:00:46] 完成 [day]
[2026-07-19 08:30:02] ==================================================
[2026-07-19 08:30:02] 开始执行 [morning]
[2026-07-19 08:30:11]   菜油OI Sina持仓不可靠(max_oi=744)，尝试东方财富补拉...
[2026-07-19 08:30:12]   东财补拉成功 3 条
[2026-07-19 08:30:24]   棕榈油P Sina持仓不可靠(max_oi=0)，尝试东方财富补拉...
[2026-07-19 08:30:25]   东财补拉成功 3 条
[2026-07-19 08:30:34]   豆油Y Sina持仓不可靠(max_oi=0)，尝试东方财富补拉...
[2026-07-19 08:30:35]   东财补拉成功 3 条
[2026-07-19 08:30:35]   抓取完成: 3/3 成功
[2026-07-19 08:30:35]   写入表格...
[2026-07-19 08:30:38]   创建 菜油OI OI2609 (2026-07-18) -> morning 收 10019.0
[2026-07-19 08:30:41]   创建 棕榈油P P2609 (2026-07-18) -> morning 收 9312.0
[2026-07-19 08:30:44]   创建 豆油Y Y2609 (2026-07-18) -> morning 收 8577.0
[2026-07-19 08:30:45]   推送...
[2026-07-19 08:30:45]   推送chat开始...
[2026-07-19 08:30:46]   推送chat成功
[2026-07-19 08:30:46]   推送user开始...
[2026-07-19 08:30:47]   推送user成功
[2026-07-19 08:30:47] ==================================================
[2026-07-19 08:30:47] 完成 [morning]
[2026-07-19 12:00:02] ==================================================
[2026-07-19 12:00:02] 开始执行 [noon]
[2026-07-19 12:00:11]   菜油OI Sina持仓不可靠(max_oi=744)，尝试东方财富补拉...
[2026-07-19 12:00:12]   东财补拉成功 3 条
[2026-07-19 12:00:22]   棕榈油P Sina持仓不可靠(max_oi=0)，尝试东方财富补拉...
[2026-07-19 12:00:23]   东财补拉成功 3 条
[2026-07-19 12:00:36]   豆油Y Sina持仓不可靠(max_oi=0)，尝试东方财富补拉...
[2026-07-19 12:00:36]   东财补拉成功 3 条
[2026-07-19 12:00:36]   抓取完成: 3/3 成功
[2026-07-19 12:00:36]   写入表格...
[2026-07-19 12:00:38]   创建 菜油OI OI2609 (2026-07-19) -> noon 收 10019.0
[2026-07-19 12:00:42]   创建 棕榈油P P2609 (2026-07-19) -> noon 收 9312.0
[2026-07-19 12:00:44]   创建 豆油Y Y2609 (2026-07-19) -> noon 收 8577.0
[2026-07-19 12:00:46]   推送...
[2026-07-19 12:00:46]   推送chat开始...
[2026-07-19 12:00:47]   推送chat成功
[2026-07-19 12:00:47]   推送user开始...
[2026-07-19 12:00:47]   推送user成功
[2026-07-19 12:00:47] ==================================================
[2026-07-19 12:00:47] 完成 [noon]
[2026-07-19 16:00:01] ==================================================
[2026-07-19 16:00:01] 开始执行 [day]
[2026-07-19 16:00:12]   菜油OI Sina持仓不可靠(max_oi=744)，尝试东方财富补拉...
[2026-07-19 16:00:13]   东财补拉成功 3 条
[2026-07-19 16:00:25]   棕榈油P Sina持仓不可靠(max_oi=0)，尝试东方财富补拉...
[2026-07-19 16:00:27]   东财补拉成功 3 条
[2026-07-19 16:00:37]   豆油Y Sina持仓不可靠(max_oi=0)，尝试东方财富补拉...
[2026-07-19 16:00:38]   东财补拉成功 3 条
[2026-07-19 16:00:38]   抓取完成: 3/3 成功
[2026-07-19 16:00:38]   写入表格...
[2026-07-19 16:00:40]   创建 菜油OI OI2609 (2026-07-19) -> day 收 10019.0
[2026-07-19 16:00:43]   创建 棕榈油P P2609 (2026-07-19) -> day 收 9312.0
[2026-07-19 16:00:46]   创建 豆油Y Y2609 (2026-07-19) -> day 收 8577.0
[2026-07-19 16:00:47]   推送...
[2026-07-19 16:00:47]   推送chat开始...
[2026-07-19 16:00:48]   推送chat成功
[2026-07-19 16:00:48]   推送user开始...
[2026-07-19 16:00:49]   推送user成功
[2026-07-19 16:00:49] ==================================================
[2026-07-19 16:00:49] 完成 [day]
[2026-07-20 08:30:02] ==================================================
[2026-07-20 08:30:02] 开始执行 [morning]
[2026-07-20 08:30:12]   菜油OI Sina持仓不可靠(max_oi=744)，尝试东方财富补拉...
[2026-07-20 08:30:13]   东财补拉成功 3 条
[2026-07-20 08:30:24]   棕榈油P Sina持仓不可靠(max_oi=0)，尝试东方财富补拉...
[2026-07-20 08:30:25]   东财补拉成功 3 条
[2026-07-20 08:30:34]   豆油Y Sina持仓不可靠(max_oi=0)，尝试东方财富补拉...
[2026-07-20 08:30:34]   东财补拉成功 3 条
[2026-07-20 08:30:34]   抓取完成: 3/3 成功
[2026-07-20 08:30:34]   写入表格...
[2026-07-20 08:30:36]   创建 菜油OI OI2609 (2026-07-19) -> morning 收 10019.0
[2026-07-20 08:30:40]   创建 棕榈油P P2609 (2026-07-19) -> morning 收 9312.0
[2026-07-20 08:30:43]   创建 豆油Y Y2609 (2026-07-19) -> morning 收 8577.0
[2026-07-20 08:30:44]   推送...
[2026-07-20 08:30:44]   推送chat开始...
[2026-07-20 08:30:45]   推送chat成功
[2026-07-20 08:30:45]   推送user开始...
[2026-07-20 08:30:46]   推送user成功
[2026-07-20 08:30:46] ==================================================
[2026-07-20 08:30:46] 完成 [morning]
[2026-07-20 12:00:02] ==================================================
[2026-07-20 12:00:02] 开始执行 [noon]
[2026-07-20 12:00:13]   菜油OI Sina持仓不可靠(max_oi=744)，尝试东方财富补拉...
[2026-07-20 12:00:15]   东财补拉成功 3 条
[2026-07-20 12:00:27]   棕榈油P Sina持仓不可靠(max_oi=0)，尝试东方财富补拉...
[2026-07-20 12:00:28]   东财补拉成功 3 条
[2026-07-20 12:00:41]   豆油Y Sina持仓不可靠(max_oi=0)，尝试东方财富补拉...
[2026-07-20 12:00:42]   东财补拉成功 3 条
[2026-07-20 12:00:42]   抓取完成: 3/3 成功
[2026-07-20 12:00:42]   写入表格...
[2026-07-20 12:00:44]   创建 菜油OI OI2609 (2026-07-20) -> noon 收 10062.0
[2026-07-20 12:00:48]   创建 棕榈油P P2609 (2026-07-20) -> noon 收 9352.0
[2026-07-20 12:00:50]   创建 豆油Y Y2609 (2026-07-20) -> noon 收 8593.0
[2026-07-20 12:00:52]   推送...
[2026-07-20 12:00:52]   推送chat开始...
[2026-07-20 12:00:53]   推送chat成功
[2026-07-20 12:00:53]   推送user开始...
[2026-07-20 12:00:54]   推送user成功
[2026-07-20 12:00:54] ==================================================
[2026-07-20 12:00:54] 完成 [noon]
[2026-07-20 16:00:01] ==================================================
[2026-07-20 16:00:01] 开始执行 [day]
[2026-07-20 16:00:34]   抓取完成: 3/3 成功
[2026-07-20 16:00:34]   写入表格...
[2026-07-20 16:00:36]   创建 菜油OI OI2609 (2026-07-20) -> day 收 10050.0
[2026-07-20 16:00:40]   创建 棕榈油P P2609 (2026-07-20) -> day 收 9389.0
[2026-07-20 16:00:44]   创建 豆油Y Y2609 (2026-07-20) -> day 收 8599.0
[2026-07-20 16:00:46]   推送...
[2026-07-20 16:00:46]   推送chat开始...
[2026-07-20 16:00:47]   推送chat成功
[2026-07-20 16:00:47]   推送user开始...
[2026-07-20 16:00:48]   推送user成功
[2026-07-20 16:00:48] ==================================================
[2026-07-20 16:00:48] 完成 [day]
[2026-07-21 08:30:01] ==================================================
[2026-07-21 08:30:01] 开始执行 [morning]
[2026-07-21 08:30:10]   菜油OI Sina持仓不可靠(max_oi=744)，尝试东方财富补拉...
[2026-07-21 08:30:10]   东财补拉成功 3 条
[2026-07-21 08:30:24]   棕榈油P Sina持仓不可靠(max_oi=0)，尝试东方财富补拉...
[2026-07-21 08:30:25]   东财补拉成功 3 条
[2026-07-21 08:30:36]   豆油Y Sina持仓不可靠(max_oi=0)，尝试东方财富补拉...
[2026-07-21 08:30:36]   东财补拉成功 3 条
[2026-07-21 08:30:36]   抓取完成: 3/3 成功
[2026-07-21 08:30:36]   写入表格...
[2026-07-21 08:30:38]   创建 菜油OI OI2609 (2026-07-20) -> morning 收 10074.0
[2026-07-21 08:30:42]   创建 棕榈油P P2609 (2026-07-20) -> morning 收 9334.0
[2026-07-21 08:30:44]   创建 豆油Y Y2609 (2026-07-20) -> morning 收 8580.0
[2026-07-21 08:30:46]   推送...
[2026-07-21 08:30:46]   推送chat开始...
[2026-07-21 08:30:47]   推送chat成功
[2026-07-21 08:30:47]   推送user开始...
[2026-07-21 08:30:48]   推送user成功
[2026-07-21 08:30:48] ==================================================
[2026-07-21 08:30:48] 完成 [morning]
[2026-07-22 01:22:14] ==================================================
[2026-07-22 01:22:14] 开始执行 [noon]
[2026-07-22 01:22:14] ==================================================
[2026-07-22 01:22:14] 开始执行 [day]
[2026-07-22 01:22:25]   菜油OI Sina持仓不可靠(max_oi=744)，尝试东方财富补拉...
[2026-07-22 01:22:25]   东财补拉成功 3 条
[2026-07-22 01:22:27]   菜油OI Sina持仓不可靠(max_oi=744)，尝试东方财富补拉...
[2026-07-22 01:22:27]   东财补拉成功 3 条
[2026-07-22 01:22:37]   棕榈油P Sina持仓不可靠(max_oi=0)，尝试东方财富补拉...
[2026-07-22 01:22:38]   东财补拉成功 3 条
[2026-07-22 01:22:40]   棕榈油P Sina持仓不可靠(max_oi=0)，尝试东方财富补拉...
[2026-07-22 01:22:40]   东财补拉成功 3 条
[2026-07-22 01:22:48]   豆油Y Sina持仓不可靠(max_oi=0)，尝试东方财富补拉...
[2026-07-22 01:22:49]   东财补拉成功 3 条
[2026-07-22 01:22:49]   抓取完成: 3/3 成功
[2026-07-22 01:22:49]   写入表格...
[2026-07-22 01:22:49]   豆油Y Sina持仓不可靠(max_oi=0)，尝试东方财富补拉...
[2026-07-22 01:22:49]   东财补拉成功 3 条
[2026-07-22 01:22:49]   抓取完成: 3/3 成功
[2026-07-22 01:22:49]   写入表格...
[2026-07-22 01:22:51] CLI not JSON:  | stderr: b'[lark-cli] uat-client: token already refreshed by another process\n{\n  "ok": false,\n  "identity": "user",\n  "error": {\n    "type": "api",\n    "subtype": "unknown",\n    "code": 800004135,\n    "message":'
[2026-07-22 01:22:51]   创建 菜油OI OI2609 (2026-07-22) -> day 收 9950.0
[2026-07-22 01:22:51]   创建 菜油OI OI2609 (2026-07-22) -> noon 收 9950.0
[2026-07-22 01:22:55]   创建 棕榈油P P2609 (2026-07-22) -> day 收 9241.0
[2026-07-22 01:22:56]   创建 棕榈油P P2609 (2026-07-22) -> noon 收 9241.0
[2026-07-22 01:22:58]   创建 豆油Y Y2609 (2026-07-22) -> day 收 8498.0
[2026-07-22 01:22:58]   创建 豆油Y Y2609 (2026-07-22) -> noon 收 8498.0
[2026-07-22 01:22:59]   推送...
[2026-07-22 01:22:59]   推送chat开始...
[2026-07-22 01:23:00]   推送chat成功
[2026-07-22 01:23:00]   推送user开始...
[2026-07-22 01:23:00]   推送...
[2026-07-22 01:23:00]   推送chat开始...
[2026-07-22 01:23:01]   推送chat成功
[2026-07-22 01:23:01]   推送user开始...
[2026-07-22 01:23:01]   推送user成功
[2026-07-22 01:23:01] ==================================================
[2026-07-22 01:23:01] 完成 [day]
[2026-07-22 01:23:02]   推送user成功
[2026-07-22 01:23:02] ==================================================
[2026-07-22 01:23:02] 完成 [noon]
[2026-07-22 09:31:27] ==================================================
[2026-07-22 09:31:27] 开始执行 [morning]
[2026-07-22 09:31:37]   菜油OI Sina持仓不可靠(max_oi=744)，尝试东方财富补拉...
[2026-07-22 09:31:47]   东财补拉成功 3 条
[2026-07-22 09:31:56]   棕榈油P Sina持仓不可靠(max_oi=0)，尝试东方财富补拉...
[2026-07-22 09:31:57]   东财补拉成功 3 条
[2026-07-22 09:32:10]   豆油Y Sina持仓不可靠(max_oi=0)，尝试东方财富补拉...
[2026-07-22 09:32:12]   东财补拉成功 3 条
[2026-07-22 09:32:12]   抓取完成: 3/3 成功
[2026-07-22 09:32:12]   写入表格...
[2026-07-22 09:32:13]   创建 菜油OI OI2609 (2026-07-21) -> morning 收 9993.0
[2026-07-22 09:32:17]   创建 棕榈油P P2609 (2026-07-21) -> morning 收 9297.0
[2026-07-22 09:32:20]   创建 豆油Y Y2609 (2026-07-21) -> morning 收 8508.0
[2026-07-22 09:32:22]   推送...
[2026-07-22 09:32:22]   推送chat开始...
[2026-07-22 09:32:23]   推送chat成功
[2026-07-22 09:32:23]   推送user开始...
[2026-07-22 09:32:24]   推送user成功
[2026-07-22 09:32:24] ==================================================
[2026-07-22 09:32:24] 完成 [morning]
[2026-07-22 12:00:02] ==================================================
[2026-07-22 12:00:02] 开始执行 [noon]
[2026-07-22 12:00:10]   菜油OI Sina持仓不可靠(max_oi=744)，尝试东方财富补拉...
[2026-07-22 12:00:11]   东财补拉成功 3 条
[2026-07-22 12:00:23]   棕榈油P Sina持仓不可靠(max_oi=0)，尝试东方财富补拉...
[2026-07-22 12:00:23]   东财补拉成功 3 条
[2026-07-22 12:00:36]   豆油Y Sina持仓不可靠(max_oi=0)，尝试东方财富补拉...
[2026-07-22 12:00:36]   东财补拉成功 3 条
[2026-07-22 12:00:36]   抓取完成: 3/3 成功
[2026-07-22 12:00:36]   写入表格...
[2026-07-22 12:00:38]   创建 菜油OI OI2609 (2026-07-22) -> noon 收 9969.0
[2026-07-22 12:00:42]   创建 棕榈油P P2609 (2026-07-22) -> noon 收 9235.0
[2026-07-22 12:00:45]   创建 豆油Y Y2609 (2026-07-22) -> noon 收 8466.0
[2026-07-22 12:00:47]   推送...
[2026-07-22 12:00:47]   推送chat开始...
[2026-07-22 12:00:49]   推送chat成功
[2026-07-22 12:00:49]   推送user开始...
[2026-07-22 12:00:50]   推送user成功
[2026-07-22 12:00:50] ==================================================
[2026-07-22 12:00:50] 完成 [noon]
[2026-07-22 16:00:03] ==================================================
[2026-07-22 16:00:03] 开始执行 [day]
[2026-07-22 16:00:34]   抓取完成: 3/3 成功
[2026-07-22 16:00:34]   写入表格...
[2026-07-22 16:00:37]   创建 菜油OI OI2609 (2026-07-22) -> day 收 9949.0
[2026-07-22 16:00:41]   创建 棕榈油P P2609 (2026-07-22) -> day 收 9250.0
[2026-07-22 16:00:44]   创建 豆油Y Y2609 (2026-07-22) -> day 收 8442.0
[2026-07-22 16:00:46]   推送...
[2026-07-22 16:00:46]   推送chat开始...
[2026-07-22 16:00:47]   推送chat成功
[2026-07-22 16:00:47]   推送user开始...
[2026-07-22 16:00:48]   推送user成功
[2026-07-22 16:00:48] ==================================================
[2026-07-22 16:00:48] 完成 [day]
[2026-07-23 08:30:02] ==================================================
[2026-07-23 08:30:02] 开始执行 [morning]
[2026-07-23 08:30:12]   菜油OI Sina持仓不可靠(max_oi=744)，尝试东方财富补拉...
[2026-07-23 08:30:12]   东财补拉成功 3 条
[2026-07-23 08:30:21]   棕榈油P Sina持仓不可靠(max_oi=0)，尝试东方财富补拉...
[2026-07-23 08:30:22]   东财补拉成功 3 条
[2026-07-23 08:30:36]   豆油Y Sina持仓不可靠(max_oi=0)，尝试东方财富补拉...
[2026-07-23 08:30:36]   东财补拉成功 3 条
[2026-07-23 08:30:36]   抓取完成: 3/3 成功
[2026-07-23 08:30:36]   写入表格...
[2026-07-23 08:30:38]   创建 菜油OI OI2609 (2026-07-22) -> morning 收 10031.0
[2026-07-23 08:30:42]   创建 棕榈油P P2609 (2026-07-22) -> morning 收 9365.0
[2026-07-23 08:30:44]   创建 豆油Y Y2609 (2026-07-22) -> morning 收 8478.0
[2026-07-23 08:30:46]   推送...
[2026-07-23 08:30:46]   推送chat开始...
[2026-07-23 08:30:47]   推送chat成功
[2026-07-23 08:30:47]   推送user开始...
[2026-07-23 08:30:47]   推送user成功
[2026-07-23 08:30:47] ==================================================
[2026-07-23 08:30:47] 完成 [morning]
[2026-07-23 12:00:02] ==================================================
[2026-07-23 12:00:02] 开始执行 [noon]
[2026-07-23 12:00:16]   菜油OI Sina持仓不可靠(max_oi=744)，尝试东方财富补拉...
[2026-07-23 12:00:16]   东财补拉成功 3 条
[2026-07-23 12:00:27]   棕榈油P Sina持仓不可靠(max_oi=0)，尝试东方财富补拉...
[2026-07-23 12:00:27]   东财补拉成功 3 条
[2026-07-23 12:00:38]   豆油Y Sina持仓不可靠(max_oi=0)，尝试东方财富补拉...
[2026-07-23 12:00:40]   东财补拉成功 3 条
[2026-07-23 12:00:40]   抓取完成: 3/3 成功
[2026-07-23 12:00:40]   写入表格...
[2026-07-23 12:00:42]   创建 菜油OI OI2609 (2026-07-23) -> noon 收 10118.0
[2026-07-23 12:00:46]   创建 棕榈油P P2609 (2026-07-23) -> noon 收 9494.0
[2026-07-23 12:00:49]   创建 豆油Y Y2609 (2026-07-23) -> noon 收 8542.0
[2026-07-23 12:00:51]   推送...
[2026-07-23 12:00:51]   推送chat开始...
[2026-07-23 12:00:52]   推送chat成功
[2026-07-23 12:00:52]   推送user开始...
[2026-07-23 12:00:53]   推送user成功
[2026-07-23 12:00:53] ==================================================
[2026-07-23 12:00:53] 完成 [noon]
[2026-07-23 16:00:02] ==================================================
[2026-07-23 16:00:02] 开始执行 [day]
[2026-07-23 16:00:44]   抓取完成: 3/3 成功
[2026-07-23 16:00:44]   写入表格...
[2026-07-23 16:00:46]   创建 菜油OI OI2609 (2026-07-23) -> day 收 10175.0
[2026-07-23 16:00:50]   创建 棕榈油P P2609 (2026-07-23) -> day 收 9515.0
[2026-07-23 16:00:53]   创建 豆油Y Y2609 (2026-07-23) -> day 收 8545.0
[2026-07-23 16:00:55]   推送...
[2026-07-23 16:00:55]   推送chat开始...
[2026-07-23 16:00:56]   推送chat成功
[2026-07-23 16:00:56]   推送user开始...
[2026-07-23 16:00:57]   推送user成功
[2026-07-23 16:00:57] ==================================================
[2026-07-23 16:00:57] 完成 [day]
[2026-07-24 08:30:02] ==================================================
[2026-07-24 08:30:02] 开始执行 [morning]
[2026-07-24 08:30:14]   菜油OI Sina持仓不可靠(max_oi=744)，尝试东方财富补拉...
[2026-07-24 08:30:15]   东财补拉成功 3 条
[2026-07-24 08:30:25]   棕榈油P Sina持仓不可靠(max_oi=0)，尝试东方财富补拉...
[2026-07-24 08:30:26]   东财补拉成功 3 条
[2026-07-24 08:30:34]   豆油Y Sina持仓不可靠(max_oi=0)，尝试东方财富补拉...
[2026-07-24 08:30:35]   东财补拉成功 3 条
[2026-07-24 08:30:35]   抓取完成: 3/3 成功
[2026-07-24 08:30:35]   写入表格...
[2026-07-24 08:30:37]   创建 菜油OI OI2609 (2026-07-23) -> morning 收 10170.0
[2026-07-24 08:30:40]   创建 棕榈油P P2609 (2026-07-23) -> morning 收 9534.0
[2026-07-24 08:30:43]   创建 豆油Y Y2609 (2026-07-23) -> morning 收 8582.0
[2026-07-24 08:30:44]   推送...
[2026-07-24 08:30:44]   推送chat开始...
[2026-07-24 08:30:45]   推送chat成功
[2026-07-24 08:30:45]   推送user开始...
[2026-07-24 08:30:46]   推送user成功
[2026-07-24 08:30:46] ==================================================
[2026-07-24 08:30:46] 完成 [morning]
[2026-07-24 12:00:02] ==================================================
[2026-07-24 12:00:02] 开始执行 [noon]
[2026-07-24 12:00:13]   菜油OI Sina持仓不可靠(max_oi=744)，尝试东方财富补拉...
[2026-07-24 12:00:13]   东财补拉成功 3 条
[2026-07-24 12:00:21]   棕榈油P Sina持仓不可靠(max_oi=0)，尝试东方财富补拉...
[2026-07-24 12:00:22]   东财补拉成功 3 条
[2026-07-24 12:00:35]   豆油Y Sina持仓不可靠(max_oi=0)，尝试东方财富补拉...
[2026-07-24 12:00:35]   东财补拉成功 3 条
[2026-07-24 12:00:35]   抓取完成: 3/3 成功
[2026-07-24 12:00:35]   写入表格...
[2026-07-24 12:00:37]   创建 菜油OI OI2609 (2026-07-24) -> noon 收 10209.0
[2026-07-24 12:00:41]   创建 棕榈油P P2609 (2026-07-24) -> noon 收 9539.0
[2026-07-24 12:00:44]   创建 豆油Y Y2609 (2026-07-24) -> noon 收 8582.0
[2026-07-24 12:00:45]   推送...
[2026-07-24 12:00:45]   推送chat开始...
[2026-07-24 12:00:47]   推送chat成功
[2026-07-24 12:00:47]   推送user开始...
[2026-07-24 12:00:48]   推送user成功
[2026-07-24 12:00:48] ==================================================
[2026-07-24 12:00:48] 完成 [noon]
[2026-07-24 16:00:02] ==================================================
[2026-07-24 16:00:02] 开始执行 [day]
[2026-07-24 16:00:32]   抓取完成: 3/3 成功
[2026-07-24 16:00:32]   写入表格...
[2026-07-24 16:00:35]   创建 菜油OI OI2609 (2026-07-24) -> day 收 10281.0
[2026-07-24 16:00:39]   创建 棕榈油P P2609 (2026-07-24) -> day 收 9570.0
[2026-07-24 16:00:43]   创建 豆油Y Y2609 (2026-07-24) -> day 收 8620.0
[2026-07-24 16:00:45]   推送...
[2026-07-24 16:00:45]   推送chat开始...
[2026-07-24 16:00:46]   推送chat成功
[2026-07-24 16:00:46]   推送user开始...
[2026-07-24 16:00:47]   推送user成功
[2026-07-24 16:00:47] ==================================================
[2026-07-24 16:00:47] 完成 [day]
[2026-07-25 08:30:02] ==================================================
[2026-07-25 08:30:02] 开始执行 [morning]
[2026-07-25 08:30:11]   菜油OI Sina持仓不可靠(max_oi=744)，尝试东方财富补拉...
[2026-07-25 08:30:11]   东财补拉成功 3 条
[2026-07-25 08:30:22]   棕榈油P Sina持仓不可靠(max_oi=0)，尝试东方财富补拉...
[2026-07-25 08:30:23]   东财补拉成功 3 条
[2026-07-25 08:30:35]   豆油Y Sina持仓不可靠(max_oi=0)，尝试东方财富补拉...
[2026-07-25 08:30:36]   东财补拉成功 3 条
[2026-07-25 08:30:36]   抓取完成: 3/3 成功
[2026-07-25 08:30:36]   写入表格...
[2026-07-25 08:30:38]   创建 菜油OI OI2609 (2026-07-24) -> morning 收 10191.0
[2026-07-25 08:30:42]   创建 棕榈油P P2609 (2026-07-24) -> morning 收 9515.0
[2026-07-25 08:30:44]   创建 豆油Y Y2609 (2026-07-24) -> morning 收 8609.0
[2026-07-25 08:30:45]   推送...
[2026-07-25 08:30:45]   推送chat开始...
[2026-07-25 08:30:46]   推送chat成功
[2026-07-25 08:30:46]   推送user开始...
[2026-07-25 08:30:48]   推送user成功
[2026-07-25 08:30:48] ==================================================
[2026-07-25 08:30:48] 完成 [morning]
[2026-07-25 12:00:02] ==================================================
[2026-07-25 12:00:02] 开始执行 [noon]
[2026-07-25 12:00:13]   菜油OI Sina持仓不可靠(max_oi=744)，尝试东方财富补拉...
[2026-07-25 12:00:14]   东财补拉成功 3 条
[2026-07-25 12:00:24]   棕榈油P Sina持仓不可靠(max_oi=0)，尝试东方财富补拉...
[2026-07-25 12:00:24]   东财补拉成功 3 条
[2026-07-25 12:00:35]   豆油Y Sina持仓不可靠(max_oi=0)，尝试东方财富补拉...
[2026-07-25 12:00:35]   东财补拉成功 3 条
[2026-07-25 12:00:35]   抓取完成: 3/3 成功
[2026-07-25 12:00:35]   写入表格...
[2026-07-25 12:00:37]   创建 菜油OI OI2609 (2026-07-25) -> noon 收 10191.0
[2026-07-25 12:00:41]   创建 棕榈油P P2609 (2026-07-25) -> noon 收 9515.0
[2026-07-25 12:00:43]   创建 豆油Y Y2609 (2026-07-25) -> noon 收 8609.0
[2026-07-25 12:00:45]   推送...
[2026-07-25 12:00:45]   推送chat开始...
[2026-07-25 12:00:46]   推送chat成功
[2026-07-25 12:00:46]   推送user开始...
[2026-07-25 12:00:47]   推送user成功
[2026-07-25 12:00:47] ==================================================
[2026-07-25 12:00:47] 完成 [noon]
[2026-07-25 16:00:02] ==================================================
[2026-07-25 16:00:02] 开始执行 [day]
[2026-07-25 16:00:13]   菜油OI Sina持仓不可靠(max_oi=744)，尝试东方财富补拉...
[2026-07-25 16:00:13]   东财补拉成功 3 条
[2026-07-25 16:00:24]   棕榈油P Sina持仓不可靠(max_oi=0)，尝试东方财富补拉...
[2026-07-25 16:00:25]   东财补拉成功 3 条
[2026-07-25 16:00:37]   豆油Y Sina持仓不可靠(max_oi=0)，尝试东方财富补拉...
[2026-07-25 16:00:38]   东财补拉成功 3 条
[2026-07-25 16:00:38]   抓取完成: 3/3 成功
[2026-07-25 16:00:38]   写入表格...
[2026-07-25 16:00:40]   创建 菜油OI OI2609 (2026-07-25) -> day 收 10191.0
[2026-07-25 16:00:43]   创建 棕榈油P P2609 (2026-07-25) -> day 收 9515.0
[2026-07-25 16:00:46]   创建 豆油Y Y2609 (2026-07-25) -> day 收 8609.0
[2026-07-25 16:00:47]   推送...
[2026-07-25 16:00:47]   推送chat开始...
[2026-07-25 16:00:48]   推送chat成功
[2026-07-25 16:00:48]   推送user开始...
[2026-07-25 16:00:49]   推送user成功
[2026-07-25 16:00:49] ==================================================
[2026-07-25 16:00:49] 完成 [day]
[2026-07-26 08:30:02] ==================================================
[2026-07-26 08:30:02] 开始执行 [morning]
[2026-07-26 08:30:13]   菜油OI Sina持仓不可靠(max_oi=744)，尝试东方财富补拉...
[2026-07-26 08:30:14]   东财补拉成功 3 条
[2026-07-26 08:30:25]   棕榈油P Sina持仓不可靠(max_oi=0)，尝试东方财富补拉...
[2026-07-26 08:30:25]   东财补拉成功 3 条
[2026-07-26 08:30:34]   豆油Y Sina持仓不可靠(max_oi=0)，尝试东方财富补拉...
[2026-07-26 08:30:34]   东财补拉成功 3 条
[2026-07-26 08:30:34]   抓取完成: 3/3 成功
[2026-07-26 08:30:34]   写入表格...
[2026-07-26 08:30:36]   创建 菜油OI OI2609 (2026-07-25) -> morning 收 10191.0
[2026-07-26 08:30:40]   创建 棕榈油P P2609 (2026-07-25) -> morning 收 9515.0
[2026-07-26 08:30:42]   创建 豆油Y Y2609 (2026-07-25) -> morning 收 8609.0
[2026-07-26 08:30:44]   推送...
[2026-07-26 08:30:44]   推送chat开始...
[2026-07-26 08:30:45]   推送chat成功
[2026-07-26 08:30:45]   推送user开始...
[2026-07-26 08:30:46]   推送user成功
[2026-07-26 08:30:46] ==================================================
[2026-07-26 08:30:46] 完成 [morning]
[2026-07-26 12:00:02] ==================================================
[2026-07-26 12:00:02] 开始执行 [noon]
[2026-07-26 12:00:14]   菜油OI Sina持仓不可靠(max_oi=744)，尝试东方财富补拉...
[2026-07-26 12:00:15]   东财补拉成功 3 条
[2026-07-26 12:00:28]   棕榈油P Sina持仓不可靠(max_oi=0)，尝试东方财富补拉...
[2026-07-26 12:00:29]   东财补拉成功 3 条
[2026-07-26 12:00:38]   豆油Y Sina持仓不可靠(max_oi=0)，尝试东方财富补拉...
[2026-07-26 12:00:39]   东财补拉成功 3 条
[2026-07-26 12:00:39]   抓取完成: 3/3 成功
[2026-07-26 12:00:39]   写入表格...
[2026-07-26 12:00:41]   创建 菜油OI OI2609 (2026-07-26) -> noon 收 10191.0
[2026-07-26 12:00:45]   创建 棕榈油P P2609 (2026-07-26) -> noon 收 9515.0
[2026-07-26 12:00:47]   创建 豆油Y Y2609 (2026-07-26) -> noon 收 8609.0
[2026-07-26 12:00:49]   推送...
[2026-07-26 12:00:49]   推送chat开始...
[2026-07-26 12:00:50]   推送chat成功
[2026-07-26 12:00:50]   推送user开始...
[2026-07-26 12:00:51]   推送user成功
[2026-07-26 12:00:51] ==================================================
[2026-07-26 12:00:51] 完成 [noon]
[2026-07-26 16:00:02] ==================================================
[2026-07-26 16:00:02] 开始执行 [day]
[2026-07-26 16:00:11]   菜油OI Sina持仓不可靠(max_oi=744)，尝试东方财富补拉...
[2026-07-26 16:00:12]   东财补拉成功 3 条
[2026-07-26 16:00:22]   棕榈油P Sina持仓不可靠(max_oi=0)，尝试东方财富补拉...
[2026-07-26 16:00:22]   东财补拉成功 3 条
[2026-07-26 16:00:30]   豆油Y Sina持仓不可靠(max_oi=0)，尝试东方财富补拉...
[2026-07-26 16:00:31]   东财补拉成功 3 条
[2026-07-26 16:00:31]   抓取完成: 3/3 成功
[2026-07-26 16:00:31]   写入表格...
[2026-07-26 16:00:32]   创建 菜油OI OI2609 (2026-07-26) -> day 收 10191.0
[2026-07-26 16:00:36]   创建 棕榈油P P2609 (2026-07-26) -> day 收 9515.0
[2026-07-26 16:00:38]   创建 豆油Y Y2609 (2026-07-26) -> day 收 8609.0
[2026-07-26 16:00:40]   推送...
[2026-07-26 16:00:40]   推送chat开始...
[2026-07-26 16:00:41]   推送chat成功
[2026-07-26 16:00:41]   推送user开始...
[2026-07-26 16:00:42]   推送user成功
[2026-07-26 16:00:42] ==================================================
[2026-07-26 16:00:42] 完成 [day]
[2026-07-27 08:30:02] ==================================================
[2026-07-27 08:30:02] 开始执行 [morning]
[2026-07-27 08:30:12]   菜油OI Sina持仓不可靠(max_oi=744)，尝试东方财富补拉...
[2026-07-27 08:30:13]   东财补拉成功 3 条
[2026-07-27 08:30:22]   棕榈油P Sina持仓不可靠(max_oi=0)，尝试东方财富补拉...
[2026-07-27 08:30:22]   东财补拉成功 3 条
[2026-07-27 08:30:32]   豆油Y Sina持仓不可靠(max_oi=0)，尝试东方财富补拉...
[2026-07-27 08:30:32]   东财补拉成功 3 条
[2026-07-27 08:30:32]   抓取完成: 3/3 成功
[2026-07-27 08:30:32]   写入表格...
[2026-07-27 08:30:34]   创建 菜油OI OI2609 (2026-07-26) -> morning 收 10191.0
[2026-07-27 08:30:38]   创建 棕榈油P P2609 (2026-07-26) -> morning 收 9515.0
[2026-07-27 08:30:40]   创建 豆油Y Y2609 (2026-07-26) -> morning 收 8609.0
[2026-07-27 08:30:42]   推送...
[2026-07-27 08:30:42]   推送chat开始...
[2026-07-27 08:30:43]   推送chat成功
[2026-07-27 08:30:43]   推送user开始...
[2026-07-27 08:30:44]   推送user成功
[2026-07-27 08:30:44] ==================================================
[2026-07-27 08:30:44] 完成 [morning]
[2026-07-27 12:00:01] ==================================================
[2026-07-27 12:00:01] 开始执行 [noon]
[2026-07-27 12:00:10]   菜油OI Sina持仓不可靠(max_oi=744)，尝试东方财富补拉...
[2026-07-27 12:00:12]   东财补拉成功 3 条
[2026-07-27 12:00:22]   棕榈油P Sina持仓不可靠(max_oi=0)，尝试东方财富补拉...
[2026-07-27 12:00:24]   东财补拉成功 3 条
[2026-07-27 12:00:35]   豆油Y Sina持仓不可靠(max_oi=0)，尝试东方财富补拉...
[2026-07-27 12:00:37]   东财补拉成功 3 条
[2026-07-27 12:00:37]   抓取完成: 3/3 成功
[2026-07-27 12:00:37]   写入表格...
[2026-07-27 12:00:39]   创建 菜油OI OI2609 (2026-07-27) -> noon 收 10039.0
[2026-07-27 12:00:43]   创建 棕榈油P P2609 (2026-07-27) -> noon 收 9394.0
[2026-07-27 12:00:45]   创建 豆油Y Y2609 (2026-07-27) -> noon 收 8492.0
[2026-07-27 12:00:47]   推送...
[2026-07-27 12:00:47]   推送chat开始...
[2026-07-27 12:00:48]   推送chat成功
[2026-07-27 12:00:48]   推送user开始...
[2026-07-27 12:00:49]   推送user成功
[2026-07-27 12:00:49] ==================================================
[2026-07-27 12:00:49] 完成 [noon]
[2026-07-27 16:00:01] ==================================================
[2026-07-27 16:00:01] 开始执行 [day]
[2026-07-27 16:00:36]   抓取完成: 3/3 成功
[2026-07-27 16:00:36]   写入表格...
[2026-07-27 16:00:37]   创建 菜油OI OI2609 (2026-07-27) -> day 收 9991.0
[2026-07-27 16:00:41]   创建 棕榈油P P2609 (2026-07-27) -> day 收 9380.0
[2026-07-27 16:00:44]   创建 豆油Y Y2609 (2026-07-27) -> day 收 8471.0
[2026-07-27 16:00:46]   推送...
[2026-07-27 16:00:46]   推送chat开始...
[2026-07-27 16:00:47]   推送chat成功
[2026-07-27 16:00:47]   推送user开始...
[2026-07-27 16:00:49]   推送user成功
[2026-07-27 16:00:49] ==================================================
[2026-07-27 16:00:49] 完成 [day]
[2026-07-28 08:30:02] ==================================================
[2026-07-28 08:30:02] 开始执行 [morning]
[2026-07-28 08:30:13]   菜油OI Sina持仓不可靠(max_oi=744)，尝试东方财富补拉...
[2026-07-28 08:30:14]   东财补拉成功 3 条
[2026-07-28 08:30:24]   棕榈油P Sina持仓不可靠(max_oi=0)，尝试东方财富补拉...
[2026-07-28 08:30:24]   东财补拉成功 3 条
[2026-07-28 08:30:33]   豆油Y Sina持仓不可靠(max_oi=0)，尝试东方财富补拉...
[2026-07-28 08:30:33]   东财补拉成功 3 条
[2026-07-28 08:30:33]   抓取完成: 3/3 成功
[2026-07-28 08:30:33]   写入表格...
[2026-07-28 08:30:36]   创建 菜油OI OI2609 (2026-07-27) -> morning 收 9941.0
[2026-07-28 08:30:39]   创建 棕榈油P P2609 (2026-07-27) -> morning 收 9357.0
[2026-07-28 08:30:42]   创建 豆油Y Y2609 (2026-07-27) -> morning 收 8466.0
[2026-07-28 08:30:43]   推送...
[2026-07-28 08:30:43]   推送chat开始...
[2026-07-28 08:30:44]   推送chat成功
[2026-07-28 08:30:44]   推送user开始...
[2026-07-28 08:30:45]   推送user成功
[2026-07-28 08:30:45] ==================================================
[2026-07-28 08:30:45] 完成 [morning]
[2026-07-28 12:00:01] ==================================================
[2026-07-28 12:00:01] 开始执行 [noon]
[2026-07-28 12:00:10]   菜油OI Sina持仓不可靠(max_oi=744)，尝试东方财富补拉...
[2026-07-28 12:00:12]   东财补拉成功 3 条
[2026-07-28 12:00:23]   棕榈油P Sina持仓不可靠(max_oi=0)，尝试东方财富补拉...
[2026-07-28 12:00:24]   东财补拉成功 3 条
[2026-07-28 12:00:33]   豆油Y Sina持仓不可靠(max_oi=0)，尝试东方财富补拉...
[2026-07-28 12:00:34]   东财补拉成功 3 条
[2026-07-28 12:00:34]   抓取完成: 3/3 成功
[2026-07-28 12:00:34]   写入表格...
[2026-07-28 12:00:36]   创建 菜油OI OI2609 (2026-07-28) -> noon 收 9881.0
[2026-07-28 12:00:40]   创建 棕榈油P P2609 (2026-07-28) -> noon 收 9294.0
[2026-07-28 12:00:43]   创建 豆油Y Y2609 (2026-07-28) -> noon 收 8413.0
[2026-07-28 12:00:45]   推送...
[2026-07-28 12:00:45]   推送chat开始...
[2026-07-28 12:00:46]   推送chat成功
[2026-07-28 12:00:46]   推送user开始...
[2026-07-28 12:00:47]   推送user成功
[2026-07-28 12:00:47] ==================================================
[2026-07-28 12:00:47] 完成 [noon]
[2026-07-28 16:00:01] ==================================================
[2026-07-28 16:00:01] 开始执行 [day]
[2026-07-28 16:00:34]   抓取完成: 3/3 成功
[2026-07-28 16:00:34]   写入表格...
[2026-07-28 16:00:36]   创建 菜油OI OI2609 (2026-07-28) -> day 收 9892.0
[2026-07-28 16:00:40]   创建 棕榈油P P2609 (2026-07-28) -> day 收 9312.0
[2026-07-28 16:00:43]   创建 豆油Y Y2609 (2026-07-28) -> day 收 8419.0
[2026-07-28 16:00:45]   推送...
[2026-07-28 16:00:45]   推送chat开始...
[2026-07-28 16:00:45]   推送chat异常: stdout=「」 stderr=「b'{\n  "ok": false,\n  "identity": "bot",\n  "error": {\n    "type": "internal",\n    "subtype": "invalid_response",\n    "message": "SDK returned an invalid JSON response: failed to parse TAT response (HTTP '」
[2026-07-28 16:00:45]   推送user开始...
[2026-07-28 16:00:47]   推送user成功
[2026-07-28 16:00:47] ==================================================
[2026-07-28 16:00:47] 完成 [day]
[2026-07-29 09:51:12] ==================================================
[2026-07-29 09:51:12] 开始执行 [morning]
[2026-07-29 09:51:22]   菜油OI Sina持仓不可靠(max_oi=744)，尝试东方财富补拉...
[2026-07-29 09:51:22]   东财补拉成功 3 条
[2026-07-29 09:51:33]   棕榈油P Sina持仓不可靠(max_oi=0)，尝试东方财富补拉...
[2026-07-29 09:51:33]   东财补拉成功 3 条
[2026-07-29 09:51:44]   豆油Y Sina持仓不可靠(max_oi=0)，尝试东方财富补拉...
[2026-07-29 09:51:45]   东财补拉成功 3 条
[2026-07-29 09:51:45]   抓取完成: 3/3 成功
[2026-07-29 09:51:45]   写入表格...
[2026-07-29 09:51:47]   创建 菜油OI OI2609 (2026-07-28) -> morning 收 9915.0
[2026-07-29 09:51:51]   创建 棕榈油P P2609 (2026-07-28) -> morning 收 9348.0
[2026-07-29 09:51:54]   创建 豆油Y Y2609 (2026-07-28) -> morning 收 8428.0
[2026-07-29 09:51:56]   推送...
[2026-07-29 09:51:56]   推送chat开始...
[2026-07-29 09:51:57]   推送chat成功
[2026-07-29 09:51:57]   推送user开始...
[2026-07-29 09:51:59]   推送user成功
[2026-07-29 09:51:59] ==================================================
[2026-07-29 09:51:59] 完成 [morning]
[2026-07-29 12:00:02] ==================================================
[2026-07-29 12:00:02] 开始执行 [noon]
[2026-07-29 12:00:14]   菜油OI Sina持仓不可靠(max_oi=744)，尝试东方财富补拉...
[2026-07-29 12:00:14]   东财补拉成功 3 条
[2026-07-29 12:00:25]   棕榈油P Sina持仓不可靠(max_oi=0)，尝试东方财富补拉...
[2026-07-29 12:00:26]   东财补拉成功 3 条
[2026-07-29 12:00:38]   豆油Y Sina持仓不可靠(max_oi=0)，尝试东方财富补拉...
[2026-07-29 12:00:38]   东财补拉成功 3 条
[2026-07-29 12:00:38]   抓取完成: 3/3 成功
[2026-07-29 12:00:38]   写入表格...
[2026-07-29 12:00:40]   创建 菜油OI OI2609 (2026-07-29) -> noon 收 9904.0
[2026-07-29 12:00:45]   创建 棕榈油P P2609 (2026-07-29) -> noon 收 9371.0
[2026-07-29 12:00:48]   创建 豆油Y Y2609 (2026-07-29) -> noon 收 8422.0
[2026-07-29 12:00:49]   推送...
[2026-07-29 12:00:49]   推送chat开始...
[2026-07-29 12:00:51]   推送chat成功
[2026-07-29 12:00:51]   推送user开始...
[2026-07-29 12:00:52]   推送user成功
[2026-07-29 12:00:52] ==================================================
[2026-07-29 12:00:52] 完成 [noon]
[2026-07-29 16:00:01] ==================================================
[2026-07-29 16:00:01] 开始执行 [day]
[2026-07-29 16:00:39]   抓取完成: 3/3 成功
[2026-07-29 16:00:39]   写入表格...
[2026-07-29 16:00:41]   创建 菜油OI OI2609 (2026-07-29) -> day 收 9922.0
[2026-07-29 16:00:45]   创建 棕榈油P P2609 (2026-07-29) -> day 收 9385.0
[2026-07-29 16:00:48]   创建 豆油Y Y2609 (2026-07-29) -> day 收 8412.0
[2026-07-29 16:00:50]   推送...
[2026-07-29 16:00:50]   推送chat开始...
[2026-07-29 16:00:51]   推送chat成功
[2026-07-29 16:00:51]   推送user开始...
[2026-07-29 16:00:53]   推送user成功
[2026-07-29 16:00:53] ==================================================
[2026-07-29 16:00:53] 完成 [day]
[2026-07-30 08:30:02] ==================================================
[2026-07-30 08:30:02] 开始执行 [morning]
[2026-07-30 08:30:14]   菜油OI Sina持仓不可靠(max_oi=744)，尝试东方财富补拉...
[2026-07-30 08:30:15]   东财补拉成功 3 条
[2026-07-30 08:30:28]   棕榈油P Sina持仓不可靠(max_oi=0)，尝试东方财富补拉...
[2026-07-30 08:30:28]   东财补拉成功 3 条
[2026-07-30 08:30:41]   豆油Y Sina持仓不可靠(max_oi=0)，尝试东方财富补拉...
[2026-07-30 08:30:41]   东财补拉成功 3 条
[2026-07-30 08:30:41]   抓取完成: 3/3 成功
[2026-07-30 08:30:41]   写入表格...
[2026-07-30 08:30:44]   创建 菜油OI OI2609 (2026-07-29) -> morning 收 9893.0
[2026-07-30 08:30:47]   创建 棕榈油P P2609 (2026-07-29) -> morning 收 9370.0
[2026-07-30 08:30:50]   创建 豆油Y Y2609 (2026-07-29) -> morning 收 8392.0
[2026-07-30 08:30:52]   推送...
[2026-07-30 08:30:52]   推送chat开始...
[2026-07-30 08:30:53]   推送chat成功
[2026-07-30 08:30:53]   推送user开始...
[2026-07-30 08:30:54]   推送user成功
[2026-07-30 08:30:54] ==================================================
[2026-07-30 08:30:54] 完成 [morning]
[2026-07-30 12:00:02] ==================================================
[2026-07-30 12:00:02] 开始执行 [noon]
[2026-07-30 12:00:12]   菜油OI Sina持仓不可靠(max_oi=744)，尝试东方财富补拉...
[2026-07-30 12:00:13]   东财补拉成功 3 条
[2026-07-30 12:00:26]   棕榈油P Sina持仓不可靠(max_oi=0)，尝试东方财富补拉...
[2026-07-30 12:00:27]   东财补拉成功 3 条
[2026-07-30 12:00:38]   豆油Y Sina持仓不可靠(max_oi=0)，尝试东方财富补拉...
[2026-07-30 12:00:39]   东财补拉成功 3 条
[2026-07-30 12:00:39]   抓取完成: 3/3 成功
[2026-07-30 12:00:39]   写入表格...
[2026-07-30 12:00:41]   创建 菜油OI OI2609 (2026-07-30) -> noon 收 9874.0
[2026-07-30 12:00:45]   创建 棕榈油P P2609 (2026-07-30) -> noon 收 9348.0
[2026-07-30 12:00:47]   创建 豆油Y Y2701 (2026-07-30) -> noon 收 8420.0
[2026-07-30 12:00:49]   推送...
[2026-07-30 12:00:49]   推送chat开始...
[2026-07-30 12:00:50]   推送chat成功
[2026-07-30 12:00:50]   推送user开始...
[2026-07-30 12:00:52]   推送user成功
[2026-07-30 12:00:52] ==================================================
[2026-07-30 12:00:52] 完成 [noon]
[2026-07-30 16:00:02] ==================================================
[2026-07-30 16:00:02] 开始执行 [day]
[2026-07-30 16:00:37]   抓取完成: 3/3 成功
[2026-07-30 16:00:37]   写入表格...
[2026-07-30 16:00:40]   创建 菜油OI OI2609 (2026-07-30) -> day 收 9893.0
[2026-07-30 16:00:45]   创建 棕榈油P P2609 (2026-07-30) -> day 收 9393.0
[2026-07-30 16:00:48]   更新 豆油Y Y2701 (2026-07-30) -> day 收 8436.0
[2026-07-30 16:00:50]   推送...
[2026-07-30 16:00:50]   推送chat开始...
[2026-07-30 16:00:51]   推送chat成功
[2026-07-30 16:00:51]   推送user开始...
[2026-07-30 16:00:52]   推送user成功
[2026-07-30 16:00:52] ==================================================
[2026-07-30 16:00:52] 完成 [day]
[2026-07-31 08:30:02] ==================================================
[2026-07-31 08:30:02] 开始执行 [morning]
[2026-07-31 08:30:17]   菜油OI Sina持仓不可靠(max_oi=744)，尝试东方财富补拉...
[2026-07-31 08:30:17]   东财补拉成功 3 条
[2026-07-31 08:30:24]   棕榈油P Sina持仓不可靠(max_oi=0)，尝试东方财富补拉...
[2026-07-31 08:30:25]   东财补拉成功 3 条
[2026-07-31 08:30:36]   豆油Y Sina持仓不可靠(max_oi=0)，尝试东方财富补拉...
[2026-07-31 08:30:36]   东财补拉成功 3 条
[2026-07-31 08:30:36]   抓取完成: 3/3 成功
[2026-07-31 08:30:36]   写入表格...
[2026-07-31 08:30:39]   创建 菜油OI OI2609 (2026-07-30) -> morning 收 9879.0
[2026-07-31 08:30:43]   创建 棕榈油P P2609 (2026-07-30) -> morning 收 9370.0
[2026-07-31 08:30:46]   更新 豆油Y Y2701 (2026-07-30) -> morning 收 8420.0
[2026-07-31 08:30:47]   推送...
[2026-07-31 08:30:47]   推送chat开始...
[2026-07-31 08:30:48]   推送chat成功
[2026-07-31 08:30:48]   推送user开始...
[2026-07-31 08:30:50]   推送user成功
[2026-07-31 08:30:50] ==================================================
[2026-07-31 08:30:50] 完成 [morning]
[2026-07-31 12:00:03] ==================================================
[2026-07-31 12:00:03] 开始执行 [noon]
[2026-07-31 12:00:12]   菜油OI Sina持仓不可靠(max_oi=744)，尝试东方财富补拉...
[2026-07-31 12:00:13]   东财补拉成功 3 条
[2026-07-31 12:00:23]   棕榈油P Sina持仓不可靠(max_oi=0)，尝试东方财富补拉...
[2026-07-31 12:00:24]   东财补拉成功 3 条
[2026-07-31 12:00:36]   豆油Y Sina持仓不可靠(max_oi=0)，尝试东方财富补拉...
[2026-07-31 12:00:38]   东财补拉成功 3 条
[2026-07-31 12:00:38]   抓取完成: 3/3 成功
[2026-07-31 12:00:38]   写入表格...
[2026-07-31 12:00:40]   创建 菜油OI OI2609 (2026-07-31) -> noon 收 9856.0
[2026-07-31 12:00:44]   创建 棕榈油P P2609 (2026-07-31) -> noon 收 9297.0
[2026-07-31 12:00:47]   创建 豆油Y Y2701 (2026-07-31) -> noon 收 8402.0
[2026-07-31 12:00:49]   推送...
[2026-07-31 12:00:49]   推送chat开始...
[2026-07-31 12:00:50]   推送chat成功
[2026-07-31 12:00:50]   推送user开始...
[2026-07-31 12:00:52]   推送user成功
[2026-07-31 12:00:52] ==================================================
[2026-07-31 12:00:52] 完成 [noon]
[2026-07-31 16:00:02] ==================================================
[2026-07-31 16:00:02] 开始执行 [day]
[2026-07-31 16:00:33]   抓取完成: 3/3 成功
[2026-07-31 16:00:33]   写入表格...
[2026-07-31 16:00:36]   创建 菜油OI OI2609 (2026-07-31) -> day 收 9894.0
[2026-07-31 16:00:41]   创建 棕榈油P P2609 (2026-07-31) -> day 收 9281.0
[2026-07-31 16:00:44]   更新 豆油Y Y2701 (2026-07-31) -> day 收 8406.0
[2026-07-31 16:00:45]   推送...
[2026-07-31 16:00:45]   推送chat开始...
[2026-07-31 16:00:48]   推送chat成功
[2026-07-31 16:00:48]   推送user开始...
[2026-07-31 16:00:49]   推送user成功
[2026-07-31 16:00:49] ==================================================
[2026-07-31 16:00:49] 完成 [day]
[2026-08-01 08:30:02] ==================================================
[2026-08-01 08:30:02] 开始执行 [morning]
[2026-08-01 08:30:11]   菜油OI Sina持仓不可靠(max_oi=744)，尝试东方财富补拉...
[2026-08-01 08:30:12]   东财补拉成功 3 条
[2026-08-01 08:30:22]   棕榈油P Sina持仓不可靠(max_oi=0)，尝试东方财富补拉...
[2026-08-01 08:30:23]   东财补拉成功 3 条
[2026-08-01 08:30:32]   豆油Y Sina持仓不可靠(max_oi=0)，尝试东方财富补拉...
[2026-08-01 08:30:34]   东财补拉成功 3 条
[2026-08-01 08:30:34]   抓取完成: 3/3 成功
[2026-08-01 08:30:34]   写入表格...
[2026-08-01 08:30:36]   创建 菜油OI OI2609 (2026-07-31) -> morning 收 9929.0
[2026-08-01 08:30:39]   创建 棕榈油P P2609 (2026-07-31) -> morning 收 9296.0
[2026-08-01 08:30:42]   更新 豆油Y Y2701 (2026-07-31) -> morning 收 8416.0
[2026-08-01 08:30:43]   推送...
[2026-08-01 08:30:43]   推送chat开始...
[2026-08-01 08:30:43]   推送chat成功
[2026-08-01 08:30:43]   推送user开始...
[2026-08-01 08:30:44]   推送user成功
[2026-08-01 08:30:44] ==================================================
[2026-08-01 08:30:44] 完成 [morning]
[2026-08-01 12:00:02] ==================================================
[2026-08-01 12:00:02] 开始执行 [noon]
[2026-08-01 12:00:11]   菜油OI Sina持仓不可靠(max_oi=744)，尝试东方财富补拉...
[2026-08-01 12:00:12]   东财补拉成功 3 条
[2026-08-01 12:00:25]   棕榈油P Sina持仓不可靠(max_oi=0)，尝试东方财富补拉...
[2026-08-01 12:00:25]   东财补拉成功 3 条
[2026-08-01 12:00:35]   豆油Y Sina持仓不可靠(max_oi=0)，尝试东方财富补拉...
[2026-08-01 12:00:36]   东财补拉成功 3 条
[2026-08-01 12:00:36]   抓取完成: 3/3 成功
[2026-08-01 12:00:36]   写入表格...
[2026-08-01 12:00:38]   创建 菜油OI OI2609 (2026-08-01) -> noon 收 9929.0
[2026-08-01 12:00:41]   创建 棕榈油P P2609 (2026-08-01) -> noon 收 9296.0
[2026-08-01 12:00:44]   创建 豆油Y Y2701 (2026-08-01) -> noon 收 8416.0
[2026-08-01 12:00:46]   推送...
[2026-08-01 12:00:46]   推送chat开始...
[2026-08-01 12:00:47]   推送chat成功
[2026-08-01 12:00:47]   推送user开始...
[2026-08-01 12:00:47]   推送user成功
[2026-08-01 12:00:47] ==================================================
[2026-08-01 12:00:47] 完成 [noon]
[2026-08-01 16:00:02] ==================================================
[2026-08-01 16:00:02] 开始执行 [day]
[2026-08-01 16:00:14]   菜油OI Sina持仓不可靠(max_oi=744)，尝试东方财富补拉...
[2026-08-01 16:00:14]   东财补拉成功 3 条
[2026-08-01 16:00:25]   棕榈油P Sina持仓不可靠(max_oi=0)，尝试东方财富补拉...
[2026-08-01 16:00:25]   东财补拉成功 3 条
[2026-08-01 16:00:35]   豆油Y Sina持仓不可靠(max_oi=0)，尝试东方财富补拉...
[2026-08-01 16:00:35]   东财补拉成功 3 条
[2026-08-01 16:00:35]   抓取完成: 3/3 成功
[2026-08-01 16:00:35]   写入表格...
[2026-08-01 16:00:37]   创建 菜油OI OI2609 (2026-08-01) -> day 收 9929.0
[2026-08-01 16:00:40]   创建 棕榈油P P2609 (2026-08-01) -> day 收 9296.0
[2026-08-01 16:00:43]   更新 豆油Y Y2701 (2026-08-01) -> day 收 8416.0
[2026-08-01 16:00:44]   推送...
[2026-08-01 16:00:44]   推送chat开始...
[2026-08-01 16:00:44]   推送chat成功
[2026-08-01 16:00:44]   推送user开始...
[2026-08-01 16:00:45]   推送user成功
[2026-08-01 16:00:45] ==================================================
[2026-08-01 16:00:45] 完成 [day]
[2026-08-02 08:30:02] ==================================================
[2026-08-02 08:30:02] 开始执行 [morning]
[2026-08-02 08:30:11]   菜油OI Sina持仓不可靠(max_oi=744)，尝试东方财富补拉...
[2026-08-02 08:30:12]   东财补拉成功 3 条
[2026-08-02 08:30:22]   棕榈油P Sina持仓不可靠(max_oi=0)，尝试东方财富补拉...
[2026-08-02 08:30:23]   东财补拉成功 3 条
[2026-08-02 08:30:32]   豆油Y Sina持仓不可靠(max_oi=0)，尝试东方财富补拉...
[2026-08-02 08:30:34]   东财补拉成功 3 条
[2026-08-02 08:30:34]   抓取完成: 3/3 成功
[2026-08-02 08:30:34]   写入表格...
[2026-08-02 08:30:36]   创建 菜油OI OI2609 (2026-08-01) -> morning 收 9929.0
[2026-08-02 08:30:39]   创建 棕榈油P P2609 (2026-08-01) -> morning 收 9296.0
[2026-08-02 08:30:42]   更新 豆油Y Y2701 (2026-08-01) -> morning 收 8416.0
[2026-08-02 08:30:42]   推送...
[2026-08-02 08:30:42]   推送chat开始...
[2026-08-02 08:30:43]   推送chat成功
[2026-08-02 08:30:43]   推送user开始...
[2026-08-02 08:30:44]   推送user成功
[2026-08-02 08:30:44] ==================================================
[2026-08-02 08:30:44] 完成 [morning]
[2026-08-02 12:00:02] ==================================================
[2026-08-02 12:00:02] 开始执行 [noon]
[2026-08-02 12:00:12]   菜油OI Sina持仓不可靠(max_oi=744)，尝试东方财富补拉...
[2026-08-02 12:00:12]   东财补拉成功 3 条
[2026-08-02 12:00:22]   棕榈油P Sina持仓不可靠(max_oi=0)，尝试东方财富补拉...
[2026-08-02 12:00:22]   东财补拉成功 3 条
[2026-08-02 12:00:31]   豆油Y Sina持仓不可靠(max_oi=0)，尝试东方财富补拉...
[2026-08-02 12:00:31]   东财补拉成功 3 条
[2026-08-02 12:00:31]   抓取完成: 3/3 成功
[2026-08-02 12:00:31]   写入表格...
[2026-08-02 12:00:33]   创建 菜油OI OI2609 (2026-08-02) -> noon 收 9929.0
[2026-08-02 12:00:37]   创建 棕榈油P P2609 (2026-08-02) -> noon 收 9296.0
[2026-08-02 12:00:40]   创建 豆油Y Y2701 (2026-08-02) -> noon 收 8416.0
[2026-08-02 12:00:41]   推送...
[2026-08-02 12:00:41]   推送chat开始...
[2026-08-02 12:00:42]   推送chat成功
[2026-08-02 12:00:42]   推送user开始...
[2026-08-02 12:00:43]   推送user成功
[2026-08-02 12:00:43] ==================================================
[2026-08-02 12:00:43] 完成 [noon]
[2026-08-02 16:00:02] ==================================================
[2026-08-02 16:00:02] 开始执行 [day]
[2026-08-02 16:00:14]   菜油OI Sina持仓不可靠(max_oi=744)，尝试东方财富补拉...
[2026-08-02 16:00:14]   东财补拉成功 3 条
[2026-08-02 16:00:27]   棕榈油P Sina持仓不可靠(max_oi=0)，尝试东方财富补拉...
[2026-08-02 16:00:27]   东财补拉成功 3 条
[2026-08-02 16:00:38]   豆油Y Sina持仓不可靠(max_oi=0)，尝试东方财富补拉...
[2026-08-02 16:00:38]   东财补拉成功 3 条
[2026-08-02 16:00:38]   抓取完成: 3/3 成功
[2026-08-02 16:00:38]   写入表格...
[2026-08-02 16:00:40]   创建 菜油OI OI2609 (2026-08-02) -> day 收 9929.0
[2026-08-02 16:00:44]   创建 棕榈油P P2609 (2026-08-02) -> day 收 9296.0
[2026-08-02 16:00:46]   更新 豆油Y Y2701 (2026-08-02) -> day 收 8416.0
[2026-08-02 16:00:47]   推送...
[2026-08-02 16:00:47]   推送chat开始...
[2026-08-02 16:00:48]   推送chat成功
[2026-08-02 16:00:48]   推送user开始...
[2026-08-02 16:00:49]   推送user成功
[2026-08-02 16:00:49] ==================================================
[2026-08-02 16:00:49] 完成 [day]
[2026-08-03 08:30:02] ==================================================
[2026-08-03 08:30:02] 开始执行 [morning]
[2026-08-03 08:30:12]   菜油OI Sina持仓不可靠(max_oi=744)，尝试东方财富补拉...
[2026-08-03 08:30:12]   东财补拉成功 3 条
[2026-08-03 08:30:23]   棕榈油P Sina持仓不可靠(max_oi=0)，尝试东方财富补拉...
[2026-08-03 08:30:24]   东财补拉成功 3 条
[2026-08-03 08:30:36]   豆油Y Sina持仓不可靠(max_oi=0)，尝试东方财富补拉...
[2026-08-03 08:30:36]   东财补拉成功 3 条
[2026-08-03 08:30:36]   抓取完成: 3/3 成功
[2026-08-03 08:30:36]   写入表格...
[2026-08-03 08:30:38]   创建 菜油OI OI2609 (2026-08-02) -> morning 收 9929.0
[2026-08-03 08:30:42]   创建 棕榈油P P2609 (2026-08-02) -> morning 收 9296.0
[2026-08-03 08:30:44]   更新 豆油Y Y2701 (2026-08-02) -> morning 收 8416.0
[2026-08-03 08:30:45]   推送...
[2026-08-03 08:30:45]   推送chat开始...
[2026-08-03 08:30:46]   推送chat成功
[2026-08-03 08:30:46]   推送user开始...
[2026-08-03 08:30:47]   推送user成功
[2026-08-03 08:30:47] ==================================================
[2026-08-03 08:30:47] 完成 [morning]
[2026-08-03 12:00:02] ==================================================
[2026-08-03 12:00:02] 开始执行 [noon]
[2026-08-03 12:00:23]   棕榈油P Sina持仓不可靠(max_oi=0)，尝试东方财富补拉...
[2026-08-03 12:00:24]   东财补拉成功 3 条
[2026-08-03 12:00:33]   豆油Y Sina持仓不可靠(max_oi=0)，尝试东方财富补拉...
[2026-08-03 12:00:34]   东财补拉成功 3 条
[2026-08-03 12:00:34]   抓取完成: 2/3 成功
[2026-08-03 12:00:34]   写入表格...
[2026-08-03 12:00:36]   创建 棕榈油P P2609 (2026-08-03) -> noon 收 9294.0
[2026-08-03 12:00:40]   创建 豆油Y Y2701 (2026-08-03) -> noon 收 8392.0
[2026-08-03 12:00:42]   推送...
[2026-08-03 12:00:42]   推送chat开始...
[2026-08-03 12:00:43]   推送chat成功
[2026-08-03 12:00:43]   推送user开始...
[2026-08-03 12:00:44]   推送user成功
[2026-08-03 12:00:44] ==================================================
[2026-08-03 12:00:44] 完成 [noon]
[2026-08-03 16:00:01] ==================================================
[2026-08-03 16:00:01] 开始执行 [day]
[2026-08-03 16:00:32]   抓取完成: 3/3 成功
[2026-08-03 16:00:32]   写入表格...
[2026-08-03 16:00:35]   创建 菜油OI OI2609 (2026-08-03) -> day 收 9891.0
[2026-08-03 16:00:40]   创建 棕榈油P P2609 (2026-08-03) -> day 收 9253.0
[2026-08-03 16:00:43]   更新 豆油Y Y2701 (2026-08-03) -> day 收 8388.0
[2026-08-03 16:00:45]   推送...
[2026-08-03 16:00:45]   推送chat开始...
[2026-08-03 16:00:49]   推送chat成功
[2026-08-03 16:00:49]   推送user开始...
[2026-08-03 16:00:50]   推送user成功
[2026-08-03 16:00:50] ==================================================
[2026-08-03 16:00:50] 完成 [day]
[2026-08-04 08:30:02] ==================================================
[2026-08-04 08:30:02] 开始执行 [morning]
[2026-08-04 08:30:14]   菜油OI Sina持仓不可靠(max_oi=744)，尝试东方财富补拉...
[2026-08-04 08:30:15]   东财补拉成功 3 条
[2026-08-04 08:30:27]   棕榈油P Sina持仓不可靠(max_oi=0)，尝试东方财富补拉...
[2026-08-04 08:30:28]   东财补拉成功 3 条
[2026-08-04 08:30:41]   豆油Y Sina持仓不可靠(max_oi=0)，尝试东方财富补拉...
[2026-08-04 08:30:42]   东财补拉成功 3 条
[2026-08-04 08:30:42]   抓取完成: 3/3 成功
[2026-08-04 08:30:42]   写入表格...
[2026-08-04 08:30:44]   创建 菜油OI OI2609 (2026-08-03) -> morning 收 9998.0
[2026-08-04 08:30:48]   创建 棕榈油P P2609 (2026-08-03) -> morning 收 9277.0
[2026-08-04 08:30:51]   更新 豆油Y Y2701 (2026-08-03) -> morning 收 8421.0
[2026-08-04 08:30:52]   推送...
[2026-08-04 08:30:52]   推送chat开始...
[2026-08-04 08:30:53]   推送chat成功
[2026-08-04 08:30:53]   推送user开始...
[2026-08-04 08:30:54]   推送user成功
[2026-08-04 08:30:54] ==================================================
[2026-08-04 08:30:54] 完成 [morning]
[2026-08-04 12:00:03] ==================================================
[2026-08-04 12:00:03] 开始执行 [noon]
[2026-08-04 12:00:25]   HTTP 1/3: <urlopen error [Errno 11001] getaddrinfo failed>
[2026-08-04 12:00:29]   菜油OI Sina持仓不可靠(max_oi=744)，尝试东方财富补拉...
[2026-08-04 12:00:29]   东财补拉成功 3 条
[2026-08-04 12:00:40]   棕榈油P Sina持仓不可靠(max_oi=0)，尝试东方财富补拉...
[2026-08-04 12:00:41]   东财补拉成功 3 条
[2026-08-04 12:00:53]   豆油Y Sina持仓不可靠(max_oi=0)，尝试东方财富补拉...
[2026-08-04 12:00:53]   东财补拉成功 3 条
[2026-08-04 12:00:53]   抓取完成: 3/3 成功
[2026-08-04 12:00:53]   写入表格...
[2026-08-04 12:00:55]   创建 菜油OI OI2609 (2026-08-04) -> noon 收 10071.0
[2026-08-04 12:00:59]   创建 棕榈油P P2609 (2026-08-04) -> noon 收 9314.0
[2026-08-04 12:01:02]   创建 豆油Y Y2701 (2026-08-04) -> noon 收 8448.0
[2026-08-04 12:01:04]   推送...
[2026-08-04 12:01:04]   推送chat开始...
[2026-08-04 12:01:05]   推送chat成功
[2026-08-04 12:01:05]   推送user开始...
[2026-08-04 12:01:06]   推送user成功
[2026-08-04 12:01:06] ==================================================
[2026-08-04 12:01:06] 完成 [noon]
[2026-08-04 16:00:02] ==================================================
[2026-08-04 16:00:02] 开始执行 [day]
[2026-08-04 16:00:34]   抓取完成: 3/3 成功
[2026-08-04 16:00:34]   写入表格...
[2026-08-04 16:00:37]   创建 菜油OI OI2609 (2026-08-04) -> day 收 10086.0
[2026-08-04 16:00:41]   创建 棕榈油P P2609 (2026-08-04) -> day 收 9299.0
[2026-08-04 16:00:45]   更新 豆油Y Y2701 (2026-08-04) -> day 收 8440.0
[2026-08-04 16:00:46]   推送...
[2026-08-04 16:00:46]   推送chat开始...
[2026-08-04 16:00:48]   推送chat成功
[2026-08-04 16:00:48]   推送user开始...
[2026-08-04 16:00:49]   推送user成功
[2026-08-04 16:00:49] ==================================================
[2026-08-04 16:00:49] 完成 [day]
[2026-08-05 08:30:03] ==================================================
[2026-08-05 08:30:03] 开始执行 [morning]
[2026-08-05 08:30:12]   菜油OI Sina持仓不可靠(max_oi=744)，尝试东方财富补拉...
[2026-08-05 08:30:13]   东财补拉成功 3 条
[2026-08-05 08:30:25]   棕榈油P Sina持仓不可靠(max_oi=0)，尝试东方财富补拉...
[2026-08-05 08:30:26]   东财补拉成功 3 条
[2026-08-05 08:30:38]   豆油Y Sina持仓不可靠(max_oi=0)，尝试东方财富补拉...
[2026-08-05 08:30:39]   东财补拉成功 3 条
[2026-08-05 08:30:39]   抓取完成: 3/3 成功
[2026-08-05 08:30:39]   写入表格...
[2026-08-05 08:30:42]   创建 菜油OI OI2609 (2026-08-04) -> morning 收 10056.0
[2026-08-05 08:30:45]   创建 棕榈油P P2609 (2026-08-04) -> morning 收 9314.0
[2026-08-05 08:30:48]   更新 豆油Y Y2701 (2026-08-04) -> morning 收 8406.0
[2026-08-05 08:30:49]   推送...
[2026-08-05 08:30:49]   推送chat开始...
[2026-08-05 08:30:50]   推送chat成功
[2026-08-05 08:30:50]   推送user开始...
[2026-08-05 08:30:51]   推送user成功
[2026-08-05 08:30:51] ==================================================
[2026-08-05 08:30:51] 完成 [morning]
[2026-08-05 12:00:02] ==================================================
[2026-08-05 12:00:02] 开始执行 [noon]
[2026-08-05 12:00:12]   菜油OI Sina持仓不可靠(max_oi=744)，尝试东方财富补拉...
[2026-08-05 12:00:12]   东财补拉成功 3 条
[2026-08-05 12:00:24]   棕榈油P Sina持仓不可靠(max_oi=0)，尝试东方财富补拉...
[2026-08-05 12:00:24]   东财补拉成功 3 条
[2026-08-05 12:00:35]   豆油Y Sina持仓不可靠(max_oi=0)，尝试东方财富补拉...
[2026-08-05 12:00:35]   东财补拉成功 3 条
[2026-08-05 12:00:35]   抓取完成: 3/3 成功
[2026-08-05 12:00:35]   写入表格...
[2026-08-05 12:00:37]   创建 菜油OI OI2609 (2026-08-05) -> noon 收 10062.0
[2026-08-05 12:00:41]   创建 棕榈油P P2609 (2026-08-05) -> noon 收 9392.0
[2026-08-05 12:00:44]   创建 豆油Y Y2701 (2026-08-05) -> noon 收 8418.0
[2026-08-05 12:00:46]   推送...
[2026-08-05 12:00:46]   推送chat开始...
[2026-08-05 12:00:47]   推送chat成功
[2026-08-05 12:00:47]   推送user开始...
[2026-08-05 12:00:48]   推送user成功
[2026-08-05 12:00:48] ==================================================
[2026-08-05 12:00:48] 完成 [noon]
[2026-08-05 16:00:02] ==================================================
[2026-08-05 16:00:02] 开始执行 [day]
[2026-08-05 16:00:40]   抓取完成: 3/3 成功
[2026-08-05 16:00:40]   写入表格...
[2026-08-05 16:00:42]   创建 菜油OI OI2609 (2026-08-05) -> day 收 10081.0
[2026-08-05 16:00:47]   创建 棕榈油P P2609 (2026-08-05) -> day 收 9395.0
[2026-08-05 16:00:49]   更新 豆油Y Y2701 (2026-08-05) -> day 收 8424.0
[2026-08-05 16:00:51]   推送...
[2026-08-05 16:00:51]   推送chat开始...
[2026-08-05 16:00:52]   推送chat成功
[2026-08-05 16:00:52]   推送user开始...
[2026-08-05 16:00:53]   推送user成功
[2026-08-05 16:00:53] ==================================================
[2026-08-05 16:00:53] 完成 [day]
[2026-08-06 08:30:02] ==================================================
[2026-08-06 08:30:02] 开始执行 [morning]
[2026-08-06 08:30:13]   菜油OI Sina持仓不可靠(max_oi=744)，尝试东方财富补拉...
[2026-08-06 08:30:13]   东财补拉成功 3 条
[2026-08-06 08:30:25]   棕榈油P Sina持仓不可靠(max_oi=0)，尝试东方财富补拉...
[2026-08-06 08:30:26]   东财补拉成功 3 条
[2026-08-06 08:30:36]   抓取完成: 2/3 成功
[2026-08-06 08:30:36]   写入表格...
[2026-08-06 08:30:38]   创建 菜油OI OI2609 (2026-08-05) -> morning 收 10074.0
[2026-08-06 08:30:42]   创建 棕榈油P P2701 (2026-08-05) -> morning 收 9679.0
[2026-08-06 08:30:44]   推送...
[2026-08-06 08:30:44]   推送chat开始...
[2026-08-06 08:30:44]   推送chat成功
[2026-08-06 08:30:44]   推送user开始...
[2026-08-06 08:30:46]   推送user成功
[2026-08-06 08:30:46] ==================================================
[2026-08-06 08:30:46] 完成 [morning]
[2026-08-06 12:00:02] ==================================================
[2026-08-06 12:00:02] 开始执行 [noon]
[2026-08-06 12:00:12]   菜油OI Sina持仓不可靠(max_oi=744)，尝试东方财富补拉...
[2026-08-06 12:00:14]   东财补拉成功 3 条
[2026-08-06 12:00:25]   棕榈油P Sina持仓不可靠(max_oi=0)，尝试东方财富补拉...
[2026-08-06 12:00:26]   东财补拉成功 3 条
[2026-08-06 12:00:36]   豆油Y Sina持仓不可靠(max_oi=0)，尝试东方财富补拉...
[2026-08-06 12:00:36]   东财补拉成功 3 条
[2026-08-06 12:00:36]   抓取完成: 3/3 成功
[2026-08-06 12:00:36]   写入表格...
[2026-08-06 12:00:39]   创建 菜油OI OI2609 (2026-08-06) -> noon 收 10100.0
[2026-08-06 12:00:43]   创建 棕榈油P P2701 (2026-08-06) -> noon 收 9667.0
[2026-08-06 12:00:46]   创建 豆油Y Y2701 (2026-08-06) -> noon 收 8415.0
[2026-08-06 12:00:48]   推送...
[2026-08-06 12:00:48]   推送chat开始...
[2026-08-06 12:00:49]   推送chat成功
[2026-08-06 12:00:49]   推送user开始...
[2026-08-06 12:00:50]   推送user成功
[2026-08-06 12:00:50] ==================================================
[2026-08-06 12:00:50] 完成 [noon]
[2026-08-06 16:00:02] ==================================================
[2026-08-06 16:00:02] 开始执行 [day]
[2026-08-06 16:00:34]   抓取完成: 3/3 成功
[2026-08-06 16:00:34]   写入表格...
[2026-08-06 16:00:38]   创建 菜油OI OI2609 (2026-08-06) -> day 收 10151.0
[2026-08-06 16:00:42]   更新 棕榈油P P2701 (2026-08-06) -> day 收 9688.0
[2026-08-06 16:00:44]   更新 豆油Y Y2701 (2026-08-06) -> day 收 8441.0
[2026-08-06 16:00:45]   推送...
[2026-08-06 16:00:45]   推送chat开始...
[2026-08-06 16:00:47]   推送chat成功
[2026-08-06 16:00:47]   推送user开始...
[2026-08-06 16:00:48]   推送user成功
[2026-08-06 16:00:48] ==================================================
[2026-08-06 16:00:48] 完成 [day]
[2026-08-07 08:30:02] ==================================================
[2026-08-07 08:30:02] 开始执行 [morning]
[2026-08-07 08:30:12]   菜油OI Sina持仓不可靠(max_oi=744)，尝试东方财富补拉...
[2026-08-07 08:30:12]   东财补拉成功 3 条
[2026-08-07 08:30:36]   豆油Y Sina持仓不可靠(max_oi=0)，尝试东方财富补拉...
[2026-08-07 08:30:37]   东财补拉成功 3 条
[2026-08-07 08:30:37]   抓取完成: 2/3 成功
[2026-08-07 08:30:37]   写入表格...
[2026-08-07 08:30:39]   创建 菜油OI OI2609 (2026-08-06) -> morning 收 10144.0
[2026-08-07 08:30:43]   更新 豆油Y Y2701 (2026-08-06) -> morning 收 8413.0
[2026-08-07 08:30:44]   推送...
[2026-08-07 08:30:44]   推送chat开始...
[2026-08-07 08:30:45]   推送chat成功
[2026-08-07 08:30:45]   推送user开始...
[2026-08-07 08:30:46]   推送user成功
[2026-08-07 08:30:46] ==================================================
[2026-08-07 08:30:46] 完成 [morning]
[2026-08-07 12:00:02] ==================================================
[2026-08-07 12:00:02] 开始执行 [noon]
[2026-08-07 12:00:14]   菜油OI Sina持仓不可靠(max_oi=744)，尝试东方财富补拉...
[2026-08-07 12:00:14]   东财补拉成功 3 条
[2026-08-07 12:00:23]   棕榈油P Sina持仓不可靠(max_oi=0)，尝试东方财富补拉...
[2026-08-07 12:00:24]   东财补拉成功 3 条
[2026-08-07 12:00:36]   豆油Y Sina持仓不可靠(max_oi=0)，尝试东方财富补拉...
[2026-08-07 12:00:36]   东财补拉成功 3 条
[2026-08-07 12:00:36]   抓取完成: 3/3 成功
[2026-08-07 12:00:36]   写入表格...
[2026-08-07 12:00:38]   创建 菜油OI OI2609 (2026-08-07) -> noon 收 10161.0
[2026-08-07 12:00:42]   创建 棕榈油P P2701 (2026-08-07) -> noon 收 9659.0
[2026-08-07 12:00:45]   创建 豆油Y Y2701 (2026-08-07) -> noon 收 8437.0
[2026-08-07 12:00:47]   推送...
[2026-08-07 12:00:47]   推送chat开始...
[2026-08-07 12:00:48]   推送chat成功
[2026-08-07 12:00:48]   推送user开始...
[2026-08-07 12:00:49]   推送user成功
[2026-08-07 12:00:49] ==================================================
[2026-08-07 12:00:49] 完成 [noon]
[2026-08-07 16:00:02] ==================================================
[2026-08-07 16:00:02] 开始执行 [day]
[2026-08-07 16:00:35]   抓取完成: 3/3 成功
[2026-08-07 16:00:35]   写入表格...
[2026-08-07 16:00:37]   创建 菜油OI OI2609 (2026-08-07) -> day 收 10144.0
[2026-08-07 16:00:42]   更新 棕榈油P P2701 (2026-08-07) -> day 收 9662.0
[2026-08-07 16:00:44]   更新 豆油Y Y2701 (2026-08-07) -> day 收 8443.0
[2026-08-07 16:00:45]   推送...
[2026-08-07 16:00:45]   推送chat开始...
[2026-08-07 16:00:46]   推送chat成功
[2026-08-07 16:00:46]   推送user开始...
[2026-08-07 16:00:47]   推送user成功
[2026-08-07 16:00:47] ==================================================
[2026-08-07 16:00:47] 完成 [day]
[2026-08-08 08:30:02] ==================================================
[2026-08-08 08:30:02] 开始执行 [morning]
[2026-08-08 08:30:21]   棕榈油P Sina持仓不可靠(max_oi=0)，尝试东方财富补拉...
[2026-08-08 08:30:22]   东财补拉成功 3 条
[2026-08-08 08:30:33]   豆油Y Sina持仓不可靠(max_oi=0)，尝试东方财富补拉...
[2026-08-08 08:30:33]   东财补拉成功 3 条
[2026-08-08 08:30:33]   抓取完成: 2/3 成功
[2026-08-08 08:30:33]   写入表格...
[2026-08-08 08:30:36]   更新 棕榈油P P2701 (2026-08-07) -> morning 收 9686.0
[2026-08-08 08:30:38]   更新 豆油Y Y2701 (2026-08-07) -> morning 收 8446.0
[2026-08-08 08:30:38]   推送...
[2026-08-08 08:30:38]   推送chat开始...
[2026-08-08 08:30:39]   推送chat成功
[2026-08-08 08:30:39]   推送user开始...
[2026-08-08 08:30:40]   推送user成功
[2026-08-08 08:30:40] ==================================================
[2026-08-08 08:30:40] 完成 [morning]
[2026-08-08 12:00:02] ==================================================
[2026-08-08 12:00:02] 开始执行 [noon]
[2026-08-08 12:00:13]   菜油OI Sina持仓不可靠(max_oi=744)，尝试东方财富补拉...
[2026-08-08 12:00:14]   东财补拉成功 3 条
[2026-08-08 12:00:23]   棕榈油P Sina持仓不可靠(max_oi=0)，尝试东方财富补拉...
[2026-08-08 12:00:23]   东财补拉成功 3 条
[2026-08-08 12:00:32]   豆油Y Sina持仓不可靠(max_oi=0)，尝试东方财富补拉...
[2026-08-08 12:00:32]   东财补拉成功 3 条
[2026-08-08 12:00:32]   抓取完成: 3/3 成功
[2026-08-08 12:00:32]   写入表格...
[2026-08-08 12:00:34]   创建 菜油OI OI2609 (2026-08-08) -> noon 收 10167.0
[2026-08-08 12:00:38]   创建 棕榈油P P2701 (2026-08-08) -> noon 收 9686.0
[2026-08-08 12:00:40]   创建 豆油Y Y2701 (2026-08-08) -> noon 收 8446.0
[2026-08-08 12:00:42]   推送...
[2026-08-08 12:00:42]   推送chat开始...
[2026-08-08 12:00:43]   推送chat成功
[2026-08-08 12:00:43]   推送user开始...
[2026-08-08 12:00:43]   推送user成功
[2026-08-08 12:00:43] ==================================================
[2026-08-08 12:00:43] 完成 [noon]
[2026-08-08 16:00:02] ==================================================
[2026-08-08 16:00:02] 开始执行 [day]
[2026-08-08 16:00:13]   菜油OI Sina持仓不可靠(max_oi=744)，尝试东方财富补拉...
[2026-08-08 16:00:14]   东财补拉成功 3 条
[2026-08-08 16:00:36]   豆油Y Sina持仓不可靠(max_oi=0)，尝试东方财富补拉...
[2026-08-08 16:00:36]   东财补拉成功 3 条
[2026-08-08 16:00:36]   抓取完成: 2/3 成功
[2026-08-08 16:00:36]   写入表格...
[2026-08-08 16:00:38]   创建 菜油OI OI2609 (2026-08-08) -> day 收 10167.0
[2026-08-08 16:00:42]   更新 豆油Y Y2701 (2026-08-08) -> day 收 8446.0
[2026-08-08 16:00:43]   推送...
[2026-08-08 16:00:43]   推送chat开始...
[2026-08-08 16:00:44]   推送chat成功
[2026-08-08 16:00:44]   推送user开始...
[2026-08-08 16:00:45]   推送user成功
[2026-08-08 16:00:45] ==================================================
[2026-08-08 16:00:45] 完成 [day]
[2026-08-09 08:30:02] ==================================================
[2026-08-09 08:30:02] 开始执行 [morning]
[2026-08-09 08:30:12]   菜油OI Sina持仓不可靠(max_oi=744)，尝试东方财富补拉...
[2026-08-09 08:30:13]   东财补拉成功 3 条
[2026-08-09 08:30:24]   棕榈油P Sina持仓不可靠(max_oi=0)，尝试东方财富补拉...
[2026-08-09 08:30:24]   东财补拉成功 3 条
[2026-08-09 08:30:34]   豆油Y Sina持仓不可靠(max_oi=0)，尝试东方财富补拉...
[2026-08-09 08:30:34]   东财补拉成功 3 条
[2026-08-09 08:30:34]   抓取完成: 3/3 成功
[2026-08-09 08:30:34]   写入表格...
[2026-08-09 08:30:36]   创建 菜油OI OI2609 (2026-08-08) -> morning 收 10167.0
[2026-08-09 08:30:40]   更新 棕榈油P P2701 (2026-08-08) -> morning 收 9686.0
[2026-08-09 08:30:41]   更新 豆油Y Y2701 (2026-08-08) -> morning 收 8446.0
[2026-08-09 08:30:42]   推送...
[2026-08-09 08:30:42]   推送chat开始...
[2026-08-09 08:30:43]   推送chat成功
[2026-08-09 08:30:43]   推送user开始...
[2026-08-09 08:30:44]   推送user成功
[2026-08-09 08:30:44] ==================================================
[2026-08-09 08:30:44] 完成 [morning]
[2026-08-09 12:00:02] ==================================================
[2026-08-09 12:00:02] 开始执行 [noon]
[2026-08-09 12:00:12]   菜油OI Sina持仓不可靠(max_oi=744)，尝试东方财富补拉...
[2026-08-09 12:00:13]   东财补拉成功 3 条
[2026-08-09 12:00:24]   棕榈油P Sina持仓不可靠(max_oi=0)，尝试东方财富补拉...
[2026-08-09 12:00:24]   东财补拉成功 3 条
[2026-08-09 12:00:37]   豆油Y Sina持仓不可靠(max_oi=0)，尝试东方财富补拉...
[2026-08-09 12:00:38]   东财补拉成功 3 条
[2026-08-09 12:00:38]   抓取完成: 3/3 成功
[2026-08-09 12:00:38]   写入表格...
[2026-08-09 12:00:40]   创建 菜油OI OI2609 (2026-08-09) -> noon 收 10167.0
[2026-08-09 12:00:43]   创建 棕榈油P P2701 (2026-08-09) -> noon 收 9686.0
[2026-08-09 12:00:46]   创建 豆油Y Y2701 (2026-08-09) -> noon 收 8446.0
[2026-08-09 12:00:48]   推送...
[2026-08-09 12:00:48]   推送chat开始...
[2026-08-09 12:00:48]   推送chat成功
[2026-08-09 12:00:48]   推送user开始...
[2026-08-09 12:00:49]   推送user成功
[2026-08-09 12:00:49] ==================================================
[2026-08-09 12:00:49] 完成 [noon]
[2026-08-09 16:00:02] ==================================================
[2026-08-09 16:00:02] 开始执行 [day]
[2026-08-09 16:00:11]   菜油OI Sina持仓不可靠(max_oi=744)，尝试东方财富补拉...
[2026-08-09 16:00:11]   东财补拉成功 3 条
[2026-08-09 16:00:35]   豆油Y Sina持仓不可靠(max_oi=0)，尝试东方财富补拉...
[2026-08-09 16:00:35]   东财补拉成功 3 条
[2026-08-09 16:00:35]   抓取完成: 2/3 成功
[2026-08-09 16:00:35]   写入表格...
[2026-08-09 16:00:37]   创建 菜油OI OI2609 (2026-08-09) -> day 收 10167.0
[2026-08-09 16:00:41]   创建 豆油Y Y2701 (2026-08-09) -> day 收 8446.0
[2026-08-09 16:00:43]   推送...
[2026-08-09 16:00:43]   推送chat开始...
[2026-08-09 16:00:44]   推送chat成功
[2026-08-09 16:00:44]   推送user开始...
[2026-08-09 16:00:45]   推送user成功
[2026-08-09 16:00:45] ==================================================
[2026-08-09 16:00:45] 完成 [day]
[2026-08-10 08:30:02] ==================================================
[2026-08-10 08:30:02] 开始执行 [morning]
[2026-08-10 08:30:12]   菜油OI Sina持仓不可靠(max_oi=744)，尝试东方财富补拉...
[2026-08-10 08:30:13]   东财补拉成功 3 条
[2026-08-10 08:30:23]   棕榈油P Sina持仓不可靠(max_oi=0)，尝试东方财富补拉...
[2026-08-10 08:30:24]   东财补拉成功 3 条
[2026-08-10 08:30:34]   豆油Y Sina持仓不可靠(max_oi=0)，尝试东方财富补拉...
[2026-08-10 08:30:35]   东财补拉成功 3 条
[2026-08-10 08:30:35]   抓取完成: 3/3 成功
[2026-08-10 08:30:35]   写入表格...
[2026-08-10 08:30:37]   创建 菜油OI OI2609 (2026-08-09) -> morning 收 10167.0
[2026-08-10 08:30:41]   更新 棕榈油P P2701 (2026-08-09) -> morning 收 9686.0
[2026-08-10 08:30:43]   创建 豆油Y Y2701 (2026-08-09) -> morning 收 8446.0
[2026-08-10 08:30:44]   推送...
[2026-08-10 08:30:44]   推送chat开始...
[2026-08-10 08:30:45]   推送chat成功
[2026-08-10 08:30:45]   推送user开始...
[2026-08-10 08:30:46]   推送user成功
[2026-08-10 08:30:46] ==================================================
[2026-08-10 08:30:46] 完成 [morning]
[2026-08-10 12:00:02] ==================================================
[2026-08-10 12:00:02] 开始执行 [noon]
[2026-08-10 12:00:11]   菜油OI Sina持仓不可靠(max_oi=744)，尝试东方财富补拉...
[2026-08-10 12:00:11]   东财补拉成功 3 条
[2026-08-10 12:00:20]   棕榈油P Sina持仓不可靠(max_oi=0)，尝试东方财富补拉...
[2026-08-10 12:00:20]   东财补拉成功 3 条
[2026-08-10 12:00:29]   豆油Y Sina持仓不可靠(max_oi=0)，尝试东方财富补拉...
[2026-08-10 12:00:29]   东财补拉成功 3 条
[2026-08-10 12:00:29]   抓取完成: 3/3 成功
[2026-08-10 12:00:29]   写入表格...
[2026-08-10 12:00:31]   创建 菜油OI OI2609 (2026-08-10) -> noon 收 10161.0
[2026-08-10 12:00:35]   创建 棕榈油P P2701 (2026-08-10) -> noon 收 9727.0
[2026-08-10 12:00:39]   创建 豆油Y Y2701 (2026-08-10) -> noon 收 8468.0
[2026-08-10 12:00:41]   推送...
[2026-08-10 12:00:41]   推送chat开始...
[2026-08-10 12:00:42]   推送chat成功
[2026-08-10 12:00:42]   推送user开始...
[2026-08-10 12:00:43]   推送user成功
[2026-08-10 12:00:43] ==================================================
[2026-08-10 12:00:43] 完成 [noon]
[2026-08-10 16:00:02] ==================================================
[2026-08-10 16:00:02] 开始执行 [day]
[2026-08-10 16:00:34]   抓取完成: 3/3 成功
[2026-08-10 16:00:34]   写入表格...
[2026-08-10 16:00:36]   创建 菜油OI OI2609 (2026-08-10) -> day 收 10114.0
[2026-08-10 16:00:41]   更新 棕榈油P P2701 (2026-08-10) -> day 收 9710.0
[2026-08-10 16:00:43]   创建 豆油Y Y2701 (2026-08-10) -> day 收 8445.0
[2026-08-10 16:00:45]   推送...
[2026-08-10 16:00:45]   推送chat开始...
[2026-08-10 16:00:46]   推送chat成功
[2026-08-10 16:00:46]   推送user开始...
[2026-08-10 16:00:48]   推送user成功
[2026-08-10 16:00:48] ==================================================
[2026-08-10 16:00:48] 完成 [day]
[2026-08-11 08:30:02] ==================================================
[2026-08-11 08:30:02] 开始执行 [morning]
[2026-08-11 08:30:13]   菜油OI Sina持仓不可靠(max_oi=744)，尝试东方财富补拉...
[2026-08-11 08:30:14]   东财补拉成功 3 条
[2026-08-11 08:30:23]   棕榈油P Sina持仓不可靠(max_oi=0)，尝试东方财富补拉...
[2026-08-11 08:30:24]   东财补拉成功 3 条
[2026-08-11 08:30:32]   抓取完成: 2/3 成功
[2026-08-11 08:30:32]   写入表格...
[2026-08-11 08:30:34]   创建 菜油OI OI2609 (2026-08-10) -> morning 收 10132.0
[2026-08-11 08:30:38]   更新 棕榈油P P2701 (2026-08-10) -> morning 收 9746.0
[2026-08-11 08:30:39]   推送...
[2026-08-11 08:30:39]   推送chat开始...
[2026-08-11 08:30:40]   推送chat成功
[2026-08-11 08:30:40]   推送user开始...
[2026-08-11 08:30:41]   推送user成功
[2026-08-11 08:30:41] ==================================================
[2026-08-11 08:30:41] 完成 [morning]
[2026-08-11 12:00:02] ==================================================
[2026-08-11 12:00:02] 开始执行 [noon]
[2026-08-11 12:00:14]   菜油OI Sina持仓不可靠(max_oi=744)，尝试东方财富补拉...
[2026-08-11 12:00:14]   东财补拉成功 3 条
[2026-08-11 12:00:24]   棕榈油P Sina持仓不可靠(max_oi=0)，尝试东方财富补拉...
[2026-08-11 12:00:25]   东财补拉成功 3 条
[2026-08-11 12:00:34]   抓取完成: 2/3 成功
[2026-08-11 12:00:34]   写入表格...
[2026-08-11 12:00:36]   创建 菜油OI OI2609 (2026-08-11) -> noon 收 10175.0
[2026-08-11 12:00:40]   创建 棕榈油P P2701 (2026-08-11) -> noon 收 9750.0
[2026-08-11 12:00:42]   推送...
[2026-08-11 12:00:42]   推送chat开始...
[2026-08-11 12:00:43]   推送chat成功
[2026-08-11 12:00:43]   推送user开始...
[2026-08-11 12:00:45]   推送user成功
[2026-08-11 12:00:45] ==================================================
[2026-08-11 12:00:45] 完成 [noon]
[2026-08-11 16:00:02] ==================================================
[2026-08-11 16:00:02] 开始执行 [day]
[2026-08-11 16:00:38]   抓取完成: 3/3 成功
[2026-08-11 16:00:38]   写入表格...
[2026-08-11 16:00:40]   创建 菜油OI OI2701 (2026-08-11) -> day 收 9983.0
[2026-08-11 16:00:44]   更新 棕榈油P P2701 (2026-08-11) -> day 收 9744.0
[2026-08-11 16:00:46]   创建 豆油Y Y2701 (2026-08-11) -> day 收 8468.0
[2026-08-11 16:00:48]   推送...
[2026-08-11 16:00:48]   推送chat开始...
[2026-08-11 16:00:49]   推送chat成功
[2026-08-11 16:00:49]   推送user开始...
[2026-08-11 16:00:51]   推送user成功
[2026-08-11 16:00:51] ==================================================
[2026-08-11 16:00:51] 完成 [day]
[2026-08-12 08:30:02] ==================================================
[2026-08-12 08:30:02] 开始执行 [morning]
[2026-08-12 08:30:13]   菜油OI Sina持仓不可靠(max_oi=744)，尝试东方财富补拉...
[2026-08-12 08:30:14]   东财补拉成功 3 条
[2026-08-12 08:30:24]   棕榈油P Sina持仓不可靠(max_oi=0)，尝试东方财富补拉...
[2026-08-12 08:30:24]   东财补拉成功 3 条
[2026-08-12 08:30:35]   豆油Y Sina持仓不可靠(max_oi=0)，尝试东方财富补拉...
[2026-08-12 08:30:36]   东财补拉成功 3 条
[2026-08-12 08:30:36]   抓取完成: 3/3 成功
[2026-08-12 08:30:36]   写入表格...
[2026-08-12 08:30:38]   创建 菜油OI OI2701 (2026-08-11) -> morning 收 9936.0
[2026-08-12 08:30:42]   创建 棕榈油P P2701 (2026-08-11) -> morning 收 9696.0
[2026-08-12 08:30:44]   创建 豆油Y Y2701 (2026-08-11) -> morning 收 8427.0
[2026-08-12 08:30:46]   推送...
[2026-08-12 08:30:46]   推送chat开始...
[2026-08-12 08:30:47]   推送chat成功
[2026-08-12 08:30:47]   推送user开始...
[2026-08-12 08:30:48]   推送user成功
[2026-08-12 08:30:48] ==================================================
[2026-08-12 08:30:48] 完成 [morning]
[2026-08-12 12:00:02] ==================================================
[2026-08-12 12:00:02] 开始执行 [noon]
[2026-08-12 12:00:14]   菜油OI Sina持仓不可靠(max_oi=744)，尝试东方财富补拉...
[2026-08-12 12:00:15]   东财补拉成功 3 条
[2026-08-12 12:00:24]   棕榈油P Sina持仓不可靠(max_oi=0)，尝试东方财富补拉...
[2026-08-12 12:00:28]   东财补拉成功 3 条
[2026-08-12 12:00:38]   抓取完成: 2/3 成功
[2026-08-12 12:00:38]   写入表格...
[2026-08-12 12:00:40]   创建 菜油OI OI2701 (2026-08-12) -> noon 收 9950.0
[2026-08-12 12:00:44]   创建 棕榈油P P2701 (2026-08-12) -> noon 收 9706.0
[2026-08-12 12:00:46]   推送...
[2026-08-12 12:00:46]   推送chat开始...
[2026-08-12 12:00:47]   推送chat成功
[2026-08-12 12:00:47]   推送user开始...
[2026-08-12 12:00:48]   推送user成功
[2026-08-12 12:00:48] ==================================================
[2026-08-12 12:00:48] 完成 [noon]
[2026-08-12 16:00:02] ==================================================
[2026-08-12 16:00:02] 开始执行 [day]
[2026-08-12 16:00:31]   抓取完成: 3/3 成功
[2026-08-12 16:00:31]   写入表格...
[2026-08-12 16:00:33]   创建 菜油OI OI2701 (2026-08-12) -> day 收 9945.0
[2026-08-12 16:00:38]   创建 棕榈油P P2701 (2026-08-12) -> day 收 9691.0
[2026-08-12 16:00:41]   创建 豆油Y Y2701 (2026-08-12) -> day 收 8442.0
[2026-08-12 16:00:43]   推送...
[2026-08-12 16:00:43]   推送chat开始...
[2026-08-12 16:00:44]   推送chat成功
[2026-08-12 16:00:44]   推送user开始...
[2026-08-12 16:00:46]   推送user成功
[2026-08-12 16:00:46] ==================================================
[2026-08-12 16:00:46] 完成 [day]
[2026-08-13 12:00:02] ==================================================
[2026-08-13 12:00:02] 开始执行 [noon]
[2026-08-13 12:00:11]   菜油OI Sina持仓不可靠(max_oi=744)，尝试东方财富补拉...
[2026-08-13 12:00:12]   东财补拉成功 3 条
[2026-08-13 12:00:21]   棕榈油P Sina持仓不可靠(max_oi=0)，尝试东方财富补拉...
[2026-08-13 12:00:21]   东财补拉成功 3 条
[2026-08-13 12:00:32]   抓取完成: 2/3 成功
[2026-08-13 12:00:32]   写入表格...
[2026-08-13 12:00:34]   创建 菜油OI OI2701 (2026-08-13) -> noon 收 9985.0
[2026-08-13 12:00:37]   创建 棕榈油P P2701 (2026-08-13) -> noon 收 9691.0
[2026-08-13 12:00:39]   推送...
[2026-08-13 12:00:39]   推送chat开始...
[2026-08-13 12:00:40]   推送chat成功
[2026-08-13 12:00:40]   推送user开始...
[2026-08-13 12:00:41]   推送user成功
[2026-08-13 12:00:41] ==================================================
[2026-08-13 12:00:41] 完成 [noon]
[2026-08-13 16:00:02] ==================================================
[2026-08-13 16:00:02] 开始执行 [day]
[2026-08-13 16:00:37]   抓取完成: 3/3 成功
[2026-08-13 16:00:37]   写入表格...
[2026-08-13 16:00:39]   创建 菜油OI OI2701 (2026-08-13) -> day 收 9996.0
[2026-08-13 16:00:43]   创建 棕榈油P P2701 (2026-08-13) -> day 收 9735.0
[2026-08-13 16:00:46]   创建 豆油Y Y2701 (2026-08-13) -> day 收 8485.0
[2026-08-13 16:00:47]   推送...
[2026-08-13 16:00:47]   推送chat开始...
[2026-08-13 16:00:49]   推送chat成功
[2026-08-13 16:00:49]   推送user开始...
[2026-08-13 16:00:50]   推送user成功
[2026-08-13 16:00:50] ==================================================
[2026-08-13 16:00:50] 完成 [day]
[2026-08-14 08:30:02] ==================================================
[2026-08-14 08:30:02] 开始执行 [morning]
[2026-08-14 08:30:09]   菜油OI Sina持仓不可靠(max_oi=744)，尝试东方财富补拉...
[2026-08-14 08:30:10]   东财补拉成功 3 条
[2026-08-14 08:30:18]   棕榈油P Sina持仓不可靠(max_oi=0)，尝试东方财富补拉...
[2026-08-14 08:30:19]   东财补拉成功 3 条
[2026-08-14 08:30:28]   豆油Y Sina持仓不可靠(max_oi=0)，尝试东方财富补拉...
[2026-08-14 08:30:29]   东财补拉成功 3 条
[2026-08-14 08:30:29]   抓取完成: 3/3 成功
[2026-08-14 08:30:29]   写入表格...
[2026-08-14 08:30:31]   创建 菜油OI OI2701 (2026-08-13) -> morning 收 9989.0
[2026-08-14 08:30:35]   创建 棕榈油P P2701 (2026-08-13) -> morning 收 9745.0
[2026-08-14 08:30:37]   创建 豆油Y Y2701 (2026-08-13) -> morning 收 8472.0
[2026-08-14 08:30:38]   推送...
[2026-08-14 08:30:38]   推送chat开始...
[2026-08-14 08:30:39]   推送chat成功
[2026-08-14 08:30:39]   推送user开始...
[2026-08-14 08:30:40]   推送user成功
[2026-08-14 08:30:40] ==================================================
[2026-08-14 08:30:40] 完成 [morning]
[2026-08-14 12:00:01] ==================================================
[2026-08-14 12:00:01] 开始执行 [noon]
[2026-08-14 12:00:12]   菜油OI Sina持仓不可靠(max_oi=744)，尝试东方财富补拉...
[2026-08-14 12:00:13]   东财补拉成功 3 条
[2026-08-14 12:00:38]   豆油Y Sina持仓不可靠(max_oi=0)，尝试东方财富补拉...
[2026-08-14 12:00:38]   东财补拉成功 3 条
[2026-08-14 12:00:38]   抓取完成: 2/3 成功
[2026-08-14 12:00:38]   写入表格...
[2026-08-14 12:00:40]   创建 菜油OI OI2701 (2026-08-14) -> noon 收 10134.0
[2026-08-14 12:00:44]   创建 豆油Y Y2701 (2026-08-14) -> noon 收 8504.0
[2026-08-14 12:00:46]   推送...
[2026-08-14 12:00:46]   推送chat开始...
[2026-08-14 12:00:47]   推送chat成功
[2026-08-14 12:00:47]   推送user开始...
[2026-08-14 12:00:48]   推送user成功
[2026-08-14 12:00:48] ==================================================
[2026-08-14 12:00:48] 完成 [noon]
[2026-08-14 16:00:02] ==================================================
[2026-08-14 16:00:02] 开始执行 [day]
[2026-08-14 16:00:34]   抓取完成: 3/3 成功
[2026-08-14 16:00:34]   写入表格...
[2026-08-14 16:00:36]   创建 菜油OI OI2701 (2026-08-14) -> day 收 10152.0
[2026-08-14 16:00:41]   创建 棕榈油P P2701 (2026-08-14) -> day 收 9838.0
[2026-08-14 16:00:44]   创建 豆油Y Y2701 (2026-08-14) -> day 收 8541.0
[2026-08-14 16:00:46]   推送...
[2026-08-14 16:00:46]   推送chat开始...
[2026-08-14 16:00:47]   推送chat成功
[2026-08-14 16:00:47]   推送user开始...
[2026-08-14 16:00:49]   推送user成功
[2026-08-14 16:00:49] ==================================================
[2026-08-14 16:00:49] 完成 [day]
[2026-08-15 08:30:02] ==================================================
[2026-08-15 08:30:02] 开始执行 [morning]
[2026-08-15 08:30:12]   菜油OI Sina持仓不可靠(max_oi=744)，尝试东方财富补拉...
[2026-08-15 08:30:13]   东财补拉成功 3 条
[2026-08-15 08:30:25]   棕榈油P Sina持仓不可靠(max_oi=0)，尝试东方财富补拉...
[2026-08-15 08:30:26]   东财补拉成功 3 条
[2026-08-15 08:30:37]   豆油Y Sina持仓不可靠(max_oi=0)，尝试东方财富补拉...
[2026-08-15 08:30:37]   东财补拉成功 3 条
[2026-08-15 08:30:37]   抓取完成: 3/3 成功
[2026-08-15 08:30:37]   写入表格...
[2026-08-15 08:30:39]   创建 菜油OI OI2701 (2026-08-14) -> morning 收 10140.0
[2026-08-15 08:30:43]   创建 棕榈油P P2701 (2026-08-14) -> morning 收 9805.0
[2026-08-15 08:30:45]   创建 豆油Y Y2701 (2026-08-14) -> morning 收 8534.0
[2026-08-15 08:30:47]   推送...
[2026-08-15 08:30:47]   推送chat开始...
[2026-08-15 08:30:47]   推送chat成功
[2026-08-15 08:30:47]   推送user开始...
[2026-08-15 08:30:48]   推送user成功
[2026-08-15 08:30:48] ==================================================
[2026-08-15 08:30:48] 完成 [morning]
[2026-08-15 12:00:01] ==================================================
[2026-08-15 12:00:01] 开始执行 [noon]
[2026-08-15 12:00:14]   菜油OI Sina持仓不可靠(max_oi=744)，尝试东方财富补拉...
[2026-08-15 12:00:14]   东财补拉成功 3 条
[2026-08-15 12:00:25]   棕榈油P Sina持仓不可靠(max_oi=0)，尝试东方财富补拉...
[2026-08-15 12:00:26]   东财补拉成功 3 条
[2026-08-15 12:00:38]   豆油Y Sina持仓不可靠(max_oi=0)，尝试东方财富补拉...
[2026-08-15 12:00:39]   东财补拉成功 3 条
[2026-08-15 12:00:39]   抓取完成: 3/3 成功
[2026-08-15 12:00:39]   写入表格...
[2026-08-15 12:00:40]   创建 菜油OI OI2701 (2026-08-15) -> noon 收 10140.0
[2026-08-15 12:00:44]   创建 棕榈油P P2701 (2026-08-15) -> noon 收 9805.0
[2026-08-15 12:00:46]   创建 豆油Y Y2701 (2026-08-15) -> noon 收 8534.0
[2026-08-15 12:00:48]   推送...
[2026-08-15 12:00:48]   推送chat开始...
[2026-08-15 12:00:49]   推送chat成功
[2026-08-15 12:00:49]   推送user开始...
[2026-08-15 12:00:50]   推送user成功
[2026-08-15 12:00:50] ==================================================
[2026-08-15 12:00:50] 完成 [noon]
[2026-08-15 16:00:02] ==================================================
[2026-08-15 16:00:02] 开始执行 [day]
[2026-08-15 16:00:13]   菜油OI Sina持仓不可靠(max_oi=744)，尝试东方财富补拉...
[2026-08-15 16:00:13]   东财补拉成功 3 条
[2026-08-15 16:00:26]   棕榈油P Sina持仓不可靠(max_oi=0)，尝试东方财富补拉...
[2026-08-15 16:00:26]   东财补拉成功 3 条
[2026-08-15 16:00:36]   豆油Y Sina持仓不可靠(max_oi=0)，尝试东方财富补拉...
[2026-08-15 16:00:37]   东财补拉成功 3 条
[2026-08-15 16:00:37]   抓取完成: 3/3 成功
[2026-08-15 16:00:37]   写入表格...
[2026-08-15 16:00:39]   创建 菜油OI OI2701 (2026-08-15) -> day 收 10140.0
[2026-08-15 16:00:43]   创建 棕榈油P P2701 (2026-08-15) -> day 收 9805.0
[2026-08-15 16:00:45]   创建 豆油Y Y2701 (2026-08-15) -> day 收 8534.0
[2026-08-15 16:00:47]   推送...
[2026-08-15 16:00:47]   推送chat开始...
[2026-08-15 16:00:48]   推送chat成功
[2026-08-15 16:00:48]   推送user开始...
[2026-08-15 16:00:49]   推送user成功
[2026-08-15 16:00:49] ==================================================
[2026-08-15 16:00:49] 完成 [day]
[2026-08-16 08:30:02] ==================================================
[2026-08-16 08:30:02] 开始执行 [morning]
[2026-08-16 08:30:21]   棕榈油P Sina持仓不可靠(max_oi=0)，尝试东方财富补拉...
[2026-08-16 08:30:21]   东财补拉成功 3 条
[2026-08-16 08:30:33]   豆油Y Sina持仓不可靠(max_oi=0)，尝试东方财富补拉...
[2026-08-16 08:30:33]   东财补拉成功 3 条
[2026-08-16 08:30:33]   抓取完成: 2/3 成功
[2026-08-16 08:30:33]   写入表格...
[2026-08-16 08:30:35]   创建 棕榈油P P2701 (2026-08-15) -> morning 收 9805.0
[2026-08-16 08:30:39]   创建 豆油Y Y2701 (2026-08-15) -> morning 收 8534.0
[2026-08-16 08:30:41]   推送...
[2026-08-16 08:30:41]   推送chat开始...
[2026-08-16 08:30:41]   推送chat成功
[2026-08-16 08:30:41]   推送user开始...
[2026-08-16 08:30:42]   推送user成功
[2026-08-16 08:30:42] ==================================================
[2026-08-16 08:30:42] 完成 [morning]
[2026-08-16 12:00:01] ==================================================
[2026-08-16 12:00:01] 开始执行 [noon]
[2026-08-16 12:00:12]   菜油OI Sina持仓不可靠(max_oi=744)，尝试东方财富补拉...
[2026-08-16 12:00:13]   东财补拉成功 3 条
[2026-08-16 12:00:23]   棕榈油P Sina持仓不可靠(max_oi=0)，尝试东方财富补拉...
[2026-08-16 12:00:24]   东财补拉成功 3 条
[2026-08-16 12:00:35]   抓取完成: 2/3 成功
[2026-08-16 12:00:35]   写入表格...
[2026-08-16 12:00:36]   创建 菜油OI OI2701 (2026-08-16) -> noon 收 10140.0
[2026-08-16 12:00:40]   创建 棕榈油P P2701 (2026-08-16) -> noon 收 9805.0
[2026-08-16 12:00:41]   推送...
[2026-08-16 12:00:41]   推送chat开始...
[2026-08-16 12:00:42]   推送chat成功
[2026-08-16 12:00:42]   推送user开始...
[2026-08-16 12:00:43]   推送user成功
[2026-08-16 12:00:43] ==================================================
[2026-08-16 12:00:43] 完成 [noon]
[2026-08-16 16:00:02] ==================================================
[2026-08-16 16:00:02] 开始执行 [day]
[2026-08-16 16:00:13]   菜油OI Sina持仓不可靠(max_oi=744)，尝试东方财富补拉...
[2026-08-16 16:00:14]   东财补拉成功 3 条
[2026-08-16 16:00:34]   豆油Y Sina持仓不可靠(max_oi=0)，尝试东方财富补拉...
[2026-08-16 16:00:34]   东财补拉成功 3 条
[2026-08-16 16:00:34]   抓取完成: 2/3 成功
[2026-08-16 16:00:34]   写入表格...
[2026-08-16 16:00:36]   创建 菜油OI OI2701 (2026-08-16) -> day 收 10140.0
[2026-08-16 16:00:39]   创建 豆油Y Y2701 (2026-08-16) -> day 收 8534.0
[2026-08-16 16:00:41]   推送...
[2026-08-16 16:00:41]   推送chat开始...
[2026-08-16 16:00:42]   推送chat成功
[2026-08-16 16:00:42]   推送user开始...
[2026-08-16 16:00:43]   推送user成功
[2026-08-16 16:00:43] ==================================================
[2026-08-16 16:00:43] 完成 [day]
[2026-08-17 08:30:02] ==================================================
[2026-08-17 08:30:02] 开始执行 [morning]
[2026-08-17 08:30:15]   菜油OI Sina持仓不可靠(max_oi=744)，尝试东方财富补拉...
[2026-08-17 08:30:15]   东财补拉成功 3 条
[2026-08-17 08:30:24]   棕榈油P Sina持仓不可靠(max_oi=0)，尝试东方财富补拉...
[2026-08-17 08:30:24]   东财补拉成功 3 条
[2026-08-17 08:30:34]   豆油Y Sina持仓不可靠(max_oi=0)，尝试东方财富补拉...
[2026-08-17 08:30:35]   东财补拉成功 3 条
[2026-08-17 08:30:35]   抓取完成: 3/3 成功
[2026-08-17 08:30:35]   写入表格...
[2026-08-17 08:30:37]   创建 菜油OI OI2701 (2026-08-16) -> morning 收 10140.0
[2026-08-17 08:30:40]   创建 棕榈油P P2701 (2026-08-16) -> morning 收 9805.0
[2026-08-17 08:30:42]   创建 豆油Y Y2701 (2026-08-16) -> morning 收 8534.0
[2026-08-17 08:30:44]   推送...
[2026-08-17 08:30:44]   推送chat开始...
[2026-08-17 08:30:45]   推送chat成功
[2026-08-17 08:30:45]   推送user开始...
[2026-08-17 08:30:46]   推送user成功
[2026-08-17 08:30:46] ==================================================
[2026-08-17 08:30:46] 完成 [morning]
[2026-08-17 12:00:01] ==================================================
[2026-08-17 12:00:01] 开始执行 [noon]
[2026-08-17 12:00:11]   菜油OI Sina持仓不可靠(max_oi=744)，尝试东方财富补拉...
[2026-08-17 12:00:12]   东财补拉成功 3 条
[2026-08-17 12:00:22]   棕榈油P Sina持仓不可靠(max_oi=0)，尝试东方财富补拉...
[2026-08-17 12:00:23]   东财补拉成功 3 条
[2026-08-17 12:00:34]   豆油Y Sina持仓不可靠(max_oi=0)，尝试东方财富补拉...
[2026-08-17 12:00:35]   东财补拉成功 3 条
[2026-08-17 12:00:35]   抓取完成: 3/3 成功
[2026-08-17 12:00:35]   写入表格...
[2026-08-17 12:00:36]   创建 菜油OI OI2701 (2026-08-17) -> noon 收 10133.0
[2026-08-17 12:00:40]   创建 棕榈油P P2701 (2026-08-17) -> noon 收 9791.0
[2026-08-17 12:00:43]   创建 豆油Y Y2701 (2026-08-17) -> noon 收 8547.0
[2026-08-17 12:00:46]   推送...
[2026-08-17 12:00:46]   推送chat开始...
[2026-08-17 12:00:47]   推送chat成功
[2026-08-17 12:00:47]   推送user开始...
[2026-08-17 12:00:48]   推送user成功
[2026-08-17 12:00:48] ==================================================
[2026-08-17 12:00:48] 完成 [noon]
[2026-08-17 16:00:02] ==================================================
[2026-08-17 16:00:02] 开始执行 [day]
[2026-08-17 16:00:43]   抓取完成: 3/3 成功
[2026-08-17 16:00:43]   写入表格...
[2026-08-17 16:00:45]   创建 菜油OI OI2701 (2026-08-17) -> day 收 10147.0
[2026-08-17 16:00:49]   创建 棕榈油P P2701 (2026-08-17) -> day 收 9838.0
[2026-08-17 16:00:53]   创建 豆油Y Y2701 (2026-08-17) -> day 收 8561.0
[2026-08-17 16:00:55]   推送...
[2026-08-17 16:00:55]   推送chat开始...
[2026-08-17 16:00:56]   推送chat成功
[2026-08-17 16:00:56]   推送user开始...
[2026-08-17 16:00:58]   推送user成功
[2026-08-17 16:00:58] ==================================================
[2026-08-17 16:00:58] 完成 [day]
[2026-08-18 08:30:02] ==================================================
[2026-08-18 08:30:02] 开始执行 [morning]
[2026-08-18 08:30:13]   菜油OI Sina持仓不可靠(max_oi=744)，尝试东方财富补拉...
[2026-08-18 08:30:14]   东财补拉成功 3 条
[2026-08-18 08:30:23]   棕榈油P Sina持仓不可靠(max_oi=0)，尝试东方财富补拉...
[2026-08-18 08:30:24]   东财补拉成功 3 条
[2026-08-18 08:30:34]   豆油Y Sina持仓不可靠(max_oi=0)，尝试东方财富补拉...
[2026-08-18 08:30:35]   东财补拉成功 3 条
[2026-08-18 08:30:35]   抓取完成: 3/3 成功
[2026-08-18 08:30:35]   写入表格...
[2026-08-18 08:30:36]   创建 菜油OI OI2701 (2026-08-17) -> morning 收 10171.0
[2026-08-18 08:30:40]   创建 棕榈油P P2701 (2026-08-17) -> morning 收 9836.0
[2026-08-18 08:30:42]   创建 豆油Y Y2701 (2026-08-17) -> morning 收 8591.0
[2026-08-18 08:30:44]   推送...
[2026-08-18 08:30:44]   推送chat开始...
[2026-08-18 08:30:45]   推送chat成功
[2026-08-18 08:30:45]   推送user开始...
[2026-08-18 08:30:46]   推送user成功
[2026-08-18 08:30:46] ==================================================
[2026-08-18 08:30:46] 完成 [morning]
[2026-08-18 12:00:02] ==================================================
[2026-08-18 12:00:02] 开始执行 [noon]
[2026-08-18 12:00:12]   菜油OI Sina持仓不可靠(max_oi=744)，尝试东方财富补拉...
[2026-08-18 12:00:12]   东财补拉成功 3 条
[2026-08-18 12:00:24]   棕榈油P Sina持仓不可靠(max_oi=0)，尝试东方财富补拉...
[2026-08-18 12:00:24]   东财补拉成功 3 条
[2026-08-18 12:00:36]   豆油Y Sina持仓不可靠(max_oi=0)，尝试东方财富补拉...
[2026-08-18 12:00:37]   东财补拉成功 3 条
[2026-08-18 12:00:37]   抓取完成: 3/3 成功
[2026-08-18 12:00:37]   写入表格...
[2026-08-18 12:00:39]   创建 菜油OI OI2701 (2026-08-18) -> noon 收 10239.0
[2026-08-18 12:00:42]   创建 棕榈油P P2701 (2026-08-18) -> noon 收 9940.0
[2026-08-18 12:00:45]   创建 豆油Y Y2701 (2026-08-18) -> noon 收 8685.0
[2026-08-18 12:00:46]   推送...
[2026-08-18 12:00:46]   推送chat开始...
[2026-08-18 12:00:47]   推送chat成功
[2026-08-18 12:00:47]   推送user开始...
[2026-08-18 12:00:48]   推送user成功
[2026-08-18 12:00:48] ==================================================
[2026-08-18 12:00:48] 完成 [noon]
[2026-08-18 16:00:02] ==================================================
[2026-08-18 16:00:02] 开始执行 [day]
[2026-08-18 16:00:34]   抓取完成: 3/3 成功
[2026-08-18 16:00:34]   写入表格...
[2026-08-18 16:00:37]   创建 菜油OI OI2701 (2026-08-18) -> day 收 10171.0
[2026-08-18 16:00:42]   创建 棕榈油P P2701 (2026-08-18) -> day 收 9946.0
[2026-08-18 16:00:45]   创建 豆油Y Y2701 (2026-08-18) -> day 收 8694.0
[2026-08-18 16:00:47]   推送...
[2026-08-18 16:00:47]   推送chat开始...
[2026-08-18 16:00:48]   推送chat成功
[2026-08-18 16:00:48]   推送user开始...
[2026-08-18 16:00:50]   推送user成功
[2026-08-18 16:00:50] ==================================================
[2026-08-18 16:00:50] 完成 [day]
[2026-08-19 08:30:02] ==================================================
[2026-08-19 08:30:02] 开始执行 [morning]
[2026-08-19 08:30:14]   菜油OI Sina持仓不可靠(max_oi=744)，尝试东方财富补拉...
[2026-08-19 08:30:14]   东财补拉成功 3 条
[2026-08-19 08:30:24]   棕榈油P Sina持仓不可靠(max_oi=0)，尝试东方财富补拉...
[2026-08-19 08:30:24]   东财补拉成功 3 条
[2026-08-19 08:30:35]   豆油Y Sina持仓不可靠(max_oi=0)，尝试东方财富补拉...
[2026-08-19 08:30:35]   东财补拉成功 3 条
[2026-08-19 08:30:35]   抓取完成: 3/3 成功
[2026-08-19 08:30:35]   写入表格...
[2026-08-19 08:30:37]   创建 菜油OI OI2701 (2026-08-18) -> morning 收 10164.0
[2026-08-19 08:30:40]   创建 棕榈油P P2701 (2026-08-18) -> morning 收 9934.0
[2026-08-19 08:30:43]   创建 豆油Y Y2701 (2026-08-18) -> morning 收 8697.0
[2026-08-19 08:30:45]   推送...
[2026-08-19 08:30:45]   推送chat开始...
[2026-08-19 08:30:46]   推送chat成功
[2026-08-19 08:30:46]   推送user开始...
[2026-08-19 08:30:47]   推送user成功
[2026-08-19 08:30:47] ==================================================
[2026-08-19 08:30:47] 完成 [morning]
[2026-08-19 12:00:01] ==================================================
[2026-08-19 12:00:01] 开始执行 [noon]
[2026-08-19 12:00:11]   菜油OI Sina持仓不可靠(max_oi=744)，尝试东方财富补拉...
[2026-08-19 12:00:13]   东财补拉成功 3 条
[2026-08-19 12:00:23]   棕榈油P Sina持仓不可靠(max_oi=0)，尝试东方财富补拉...
[2026-08-19 12:00:25]   东财补拉成功 3 条
[2026-08-19 12:00:34]   豆油Y Sina持仓不可靠(max_oi=0)，尝试东方财富补拉...
[2026-08-19 12:00:34]   东财补拉成功 3 条
[2026-08-19 12:00:34]   抓取完成: 3/3 成功
[2026-08-19 12:00:34]   写入表格...
[2026-08-19 12:00:36]   创建 菜油OI OI2701 (2026-08-19) -> noon 收 10208.0
[2026-08-19 12:00:40]   创建 棕榈油P P2701 (2026-08-19) -> noon 收 9996.0
[2026-08-19 12:00:43]   创建 豆油Y Y2701 (2026-08-19) -> noon 收 8744.0
[2026-08-19 12:00:45]   推送...
[2026-08-19 12:00:45]   推送chat开始...
[2026-08-19 12:00:46]   推送chat成功
[2026-08-19 12:00:46]   推送user开始...
[2026-08-19 12:00:47]   推送user成功
[2026-08-19 12:00:47] ==================================================
[2026-08-19 12:00:47] 完成 [noon]
[2026-08-19 16:00:02] ==================================================
[2026-08-19 16:00:02] 开始执行 [day]
[2026-08-19 16:00:29]   抓取完成: 3/3 成功
[2026-08-19 16:00:29]   写入表格...
[2026-08-19 16:00:32]   创建 菜油OI OI2701 (2026-08-19) -> day 收 10317.0
[2026-08-19 16:00:36]   创建 棕榈油P P2701 (2026-08-19) -> day 收 9994.0
[2026-08-19 16:00:40]   创建 豆油Y Y2701 (2026-08-19) -> day 收 8747.0
[2026-08-19 16:00:42]   推送...
[2026-08-19 16:00:42]   推送chat开始...
[2026-08-19 16:00:44]   推送chat成功
[2026-08-19 16:00:44]   推送user开始...
[2026-08-19 16:00:44]   推送user异常: stdout=「」 stderr=「b'{\n  "ok": false,\n  "identity": "bot",\n  "error": {\n    "type": "internal",\n    "subtype": "invalid_response",\n    "message": "SDK returned an invalid JSON response: failed to parse TAT response (HTTP '」
[2026-08-19 16:00:44] ==================================================
[2026-08-19 16:00:44] 完成 [day]
[2026-08-20 08:30:02] ==================================================
[2026-08-20 08:30:02] 开始执行 [morning]
[2026-08-20 08:30:14]   菜油OI Sina持仓不可靠(max_oi=744)，尝试东方财富补拉...
[2026-08-20 08:30:14]   东财补拉成功 3 条
[2026-08-20 08:30:24]   棕榈油P Sina持仓不可靠(max_oi=0)，尝试东方财富补拉...
[2026-08-20 08:30:25]   东财补拉成功 3 条
[2026-08-20 08:30:37]   豆油Y Sina持仓不可靠(max_oi=0)，尝试东方财富补拉...
[2026-08-20 08:30:37]   东财补拉成功 3 条
[2026-08-20 08:30:37]   抓取完成: 3/3 成功
[2026-08-20 08:30:37]   写入表格...
[2026-08-20 08:30:39]   创建 菜油OI OI2701 (2026-08-19) -> morning 收 10432.0
[2026-08-20 08:30:42]   创建 棕榈油P P2701 (2026-08-19) -> morning 收 10052.0
[2026-08-20 08:30:45]   创建 豆油Y Y2701 (2026-08-19) -> morning 收 8805.0
[2026-08-20 08:30:46]   推送...
[2026-08-20 08:30:46]   推送chat开始...
[2026-08-20 08:30:47]   推送chat成功
[2026-08-20 08:30:47]   推送user开始...
[2026-08-20 08:30:48]   推送user成功
[2026-08-20 08:30:48] ==================================================
[2026-08-20 08:30:48] 完成 [morning]
[2026-08-20 12:00:01] ==================================================
[2026-08-20 12:00:01] 开始执行 [noon]
[2026-08-20 12:00:12]   菜油OI Sina持仓不可靠(max_oi=744)，尝试东方财富补拉...
[2026-08-20 12:00:12]   东财补拉成功 3 条
[2026-08-20 12:00:24]   棕榈油P Sina持仓不可靠(max_oi=0)，尝试东方财富补拉...
[2026-08-20 12:00:26]   东财补拉成功 3 条
[2026-08-20 12:00:37]   豆油Y Sina持仓不可靠(max_oi=0)，尝试东方财富补拉...
[2026-08-20 12:00:37]   东财补拉成功 3 条
[2026-08-20 12:00:37]   抓取完成: 3/3 成功
[2026-08-20 12:00:37]   写入表格...
[2026-08-20 12:00:40]   创建 菜油OI OI2701 (2026-08-20) -> noon 收 10410.0
[2026-08-20 12:00:44]   创建 棕榈油P P2701 (2026-08-20) -> noon 收 10120.0
[2026-08-20 12:00:46]   创建 豆油Y Y2701 (2026-08-20) -> noon 收 8837.0
[2026-08-20 12:00:48]   推送...
[2026-08-20 12:00:48]   推送chat开始...
[2026-08-20 12:00:49]   推送chat成功
[2026-08-20 12:00:49]   推送user开始...
[2026-08-20 12:00:50]   推送user成功
[2026-08-20 12:00:50] ==================================================
[2026-08-20 12:00:50] 完成 [noon]
[2026-08-20 16:00:02] ==================================================
[2026-08-20 16:00:02] 开始执行 [day]
[2026-08-20 16:00:39]   抓取完成: 3/3 成功
[2026-08-20 16:00:39]   写入表格...
[2026-08-20 16:00:43]   创建 菜油OI OI2701 (2026-08-20) -> day 收 10434.0
[2026-08-20 16:00:47]   创建 棕榈油P P2701 (2026-08-20) -> day 收 10160.0
[2026-08-20 16:00:50]   创建 豆油Y Y2701 (2026-08-20) -> day 收 8847.0
[2026-08-20 16:00:52]   推送...
[2026-08-20 16:00:52]   推送chat开始...
[2026-08-20 16:00:53]   推送chat成功
[2026-08-20 16:00:53]   推送user开始...
[2026-08-20 16:00:54]   推送user成功
[2026-08-20 16:00:54] ==================================================
[2026-08-20 16:00:54] 完成 [day]
[2026-08-21 08:30:02] ==================================================
[2026-08-21 08:30:02] 开始执行 [morning]
[2026-08-21 08:30:14]   菜油OI Sina持仓不可靠(max_oi=744)，尝试东方财富补拉...
[2026-08-21 08:30:14]   东财补拉成功 3 条
[2026-08-21 08:30:25]   棕榈油P Sina持仓不可靠(max_oi=0)，尝试东方财富补拉...
[2026-08-21 08:30:26]   东财补拉成功 3 条
[2026-08-21 08:30:38]   豆油Y Sina持仓不可靠(max_oi=0)，尝试东方财富补拉...
[2026-08-21 08:30:38]   东财补拉成功 3 条
[2026-08-21 08:30:38]   抓取完成: 3/3 成功
[2026-08-21 08:30:38]   写入表格...
[2026-08-21 08:30:40]   创建 菜油OI OI2701 (2026-08-20) -> morning 收 10352.0
[2026-08-21 08:30:44]   创建 棕榈油P P2701 (2026-08-20) -> morning 收 10150.0
[2026-08-21 08:30:47]   创建 豆油Y Y2701 (2026-08-20) -> morning 收 8868.0
[2026-08-21 08:30:48]   推送...
[2026-08-21 08:30:48]   推送chat开始...
[2026-08-21 08:30:49]   推送chat成功
[2026-08-21 08:30:49]   推送user开始...
[2026-08-21 08:30:50]   推送user成功
[2026-08-21 08:30:50] ==================================================
[2026-08-21 08:30:50] 完成 [morning]
[2026-08-21 12:00:01] ==================================================
[2026-08-21 12:00:01] 开始执行 [noon]
[2026-08-21 12:00:13]   菜油OI Sina持仓不可靠(max_oi=744)，尝试东方财富补拉...
[2026-08-21 12:00:14]   东财补拉成功 3 条
[2026-08-21 12:00:25]   棕榈油P Sina持仓不可靠(max_oi=0)，尝试东方财富补拉...
[2026-08-21 12:00:26]   东财补拉成功 3 条
[2026-08-21 12:00:36]   豆油Y Sina持仓不可靠(max_oi=0)，尝试东方财富补拉...
[2026-08-21 12:00:37]   东财补拉成功 3 条
[2026-08-21 12:00:37]   抓取完成: 3/3 成功
[2026-08-21 12:00:37]   写入表格...
[2026-08-21 12:00:39]   创建 菜油OI OI2701 (2026-08-21) -> noon 收 10283.0
[2026-08-21 12:00:43]   创建 棕榈油P P2701 (2026-08-21) -> noon 收 10135.0
[2026-08-21 12:00:46]   创建 豆油Y Y2701 (2026-08-21) -> noon 收 8814.0
[2026-08-21 12:00:48]   推送...
[2026-08-21 12:00:48]   推送chat开始...
[2026-08-21 12:00:49]   推送chat成功
[2026-08-21 12:00:49]   推送user开始...
[2026-08-21 12:00:50]   推送user成功
[2026-08-21 12:00:50] ==================================================
[2026-08-21 12:00:50] 完成 [noon]
[2026-08-21 16:00:02] ==================================================
[2026-08-21 16:00:02] 开始执行 [day]
[2026-08-21 16:00:36]   抓取完成: 3/3 成功
[2026-08-21 16:00:36]   写入表格...
[2026-08-21 16:00:38]   创建 菜油OI OI2701 (2026-08-21) -> day 收 10305.0
[2026-08-21 16:00:42]   创建 棕榈油P P2701 (2026-08-21) -> day 收 10160.0
[2026-08-21 16:00:45]   创建 豆油Y Y2701 (2026-08-21) -> day 收 8824.0
[2026-08-21 16:00:47]   推送...
[2026-08-21 16:00:47]   推送chat开始...
[2026-08-21 16:00:48]   推送chat成功
[2026-08-21 16:00:48]   推送user开始...
[2026-08-21 16:00:50]   推送user成功
[2026-08-21 16:00:50] ==================================================
[2026-08-21 16:00:50] 完成 [day]
[2026-08-22 08:30:02] ==================================================
[2026-08-22 08:30:02] 开始执行 [morning]
[2026-08-22 08:30:12]   菜油OI Sina持仓不可靠(max_oi=744)，尝试东方财富补拉...
[2026-08-22 08:30:13]   东财补拉成功 3 条
[2026-08-22 08:30:26]   棕榈油P Sina持仓不可靠(max_oi=0)，尝试东方财富补拉...
[2026-08-22 08:30:27]   东财补拉成功 3 条
[2026-08-22 08:30:38]   豆油Y Sina持仓不可靠(max_oi=0)，尝试东方财富补拉...
[2026-08-22 08:30:39]   东财补拉成功 3 条
[2026-08-22 08:30:39]   抓取完成: 3/3 成功
[2026-08-22 08:30:39]   写入表格...
[2026-08-22 08:30:41]   创建 菜油OI OI2701 (2026-08-21) -> morning 收 10283.0
[2026-08-22 08:30:44]   创建 棕榈油P P2701 (2026-08-21) -> morning 收 10180.0
[2026-08-22 08:30:46]   创建 豆油Y Y2701 (2026-08-21) -> morning 收 8819.0
[2026-08-22 08:30:48]   推送...
[2026-08-22 08:30:48]   推送chat开始...
[2026-08-22 08:30:49]   推送chat成功
[2026-08-22 08:30:49]   推送user开始...
[2026-08-22 08:30:51]   推送user成功
[2026-08-22 08:30:51] ==================================================
[2026-08-22 08:30:51] 完成 [morning]
[2026-08-22 12:00:02] ==================================================
[2026-08-22 12:00:02] 开始执行 [noon]
[2026-08-22 12:00:22]   棕榈油P Sina持仓不可靠(max_oi=0)，尝试东方财富补拉...
[2026-08-22 12:00:22]   东财补拉成功 3 条
[2026-08-22 12:00:33]   豆油Y Sina持仓不可靠(max_oi=0)，尝试东方财富补拉...
[2026-08-22 12:00:33]   东财补拉成功 3 条
[2026-08-22 12:00:33]   抓取完成: 2/3 成功
[2026-08-22 12:00:34]   写入表格...
[2026-08-22 12:00:36]   创建 棕榈油P P2701 (2026-08-22) -> noon 收 10180.0
[2026-08-22 12:00:40]   创建 豆油Y Y2701 (2026-08-22) -> noon 收 8819.0
[2026-08-22 12:00:41]   推送...
[2026-08-22 12:00:41]   推送chat开始...
[2026-08-22 12:00:42]   推送chat成功
[2026-08-22 12:00:42]   推送user开始...
[2026-08-22 12:00:43]   推送user成功
[2026-08-22 12:00:43] ==================================================
[2026-08-22 12:00:43] 完成 [noon]
[2026-08-22 16:00:02] ==================================================
[2026-08-22 16:00:02] 开始执行 [day]
[2026-08-22 16:00:13]   菜油OI Sina持仓不可靠(max_oi=744)，尝试东方财富补拉...
[2026-08-22 16:00:14]   东财补拉成功 3 条
[2026-08-22 16:00:24]   棕榈油P Sina持仓不可靠(max_oi=0)，尝试东方财富补拉...
[2026-08-22 16:00:24]   东财补拉成功 3 条
[2026-08-22 16:00:34]   抓取完成: 2/3 成功
[2026-08-22 16:00:34]   写入表格...
[2026-08-22 16:00:36]   创建 菜油OI OI2701 (2026-08-22) -> day 收 10283.0
[2026-08-22 16:00:40]   创建 棕榈油P P2701 (2026-08-22) -> day 收 10180.0
[2026-08-22 16:00:41]   推送...
[2026-08-22 16:00:41]   推送chat开始...
[2026-08-22 16:00:42]   推送chat成功
[2026-08-22 16:00:42]   推送user开始...
[2026-08-22 16:00:43]   推送user成功
[2026-08-22 16:00:43] ==================================================
[2026-08-22 16:00:43] 完成 [day]
[2026-08-23 08:30:02] ==================================================
[2026-08-23 08:30:02] 开始执行 [morning]
[2026-08-23 08:30:13]   菜油OI Sina持仓不可靠(max_oi=744)，尝试东方财富补拉...
[2026-08-23 08:30:13]   东财补拉成功 3 条
[2026-08-23 08:30:23]   棕榈油P Sina持仓不可靠(max_oi=0)，尝试东方财富补拉...
[2026-08-23 08:30:23]   东财补拉成功 3 条
[2026-08-23 08:30:35]   豆油Y Sina持仓不可靠(max_oi=0)，尝试东方财富补拉...
[2026-08-23 08:30:35]   东财补拉成功 3 条
[2026-08-23 08:30:35]   抓取完成: 3/3 成功
[2026-08-23 08:30:35]   写入表格...
[2026-08-23 08:30:37]   创建 菜油OI OI2701 (2026-08-22) -> morning 收 10283.0
[2026-08-23 08:30:40]   创建 棕榈油P P2701 (2026-08-22) -> morning 收 10180.0
[2026-08-23 08:30:43]   创建 豆油Y Y2701 (2026-08-22) -> morning 收 8819.0
[2026-08-23 08:30:44]   推送...
[2026-08-23 08:30:44]   推送chat开始...
[2026-08-23 08:30:45]   推送chat成功
[2026-08-23 08:30:45]   推送user开始...
[2026-08-23 08:30:46]   推送user成功
[2026-08-23 08:30:46] ==================================================
[2026-08-23 08:30:46] 完成 [morning]
[2026-08-23 12:00:03] ==================================================
[2026-08-23 12:00:03] 开始执行 [noon]
[2026-08-23 12:00:11]   菜油OI Sina持仓不可靠(max_oi=744)，尝试东方财富补拉...
[2026-08-23 12:00:12]   东财补拉成功 3 条
[2026-08-23 12:00:22]   棕榈油P Sina持仓不可靠(max_oi=0)，尝试东方财富补拉...
[2026-08-23 12:00:23]   东财补拉成功 3 条
[2026-08-23 12:00:34]   豆油Y Sina持仓不可靠(max_oi=0)，尝试东方财富补拉...
[2026-08-23 12:00:35]   东财补拉成功 3 条
[2026-08-23 12:00:35]   抓取完成: 3/3 成功
[2026-08-23 12:00:35]   写入表格...
[2026-08-23 12:00:36]   创建 菜油OI OI2701 (2026-08-23) -> noon 收 10283.0
[2026-08-23 12:00:40]   创建 棕榈油P P2701 (2026-08-23) -> noon 收 10180.0
[2026-08-23 12:00:42]   创建 豆油Y Y2701 (2026-08-23) -> noon 收 8819.0
[2026-08-23 12:00:44]   推送...
[2026-08-23 12:00:44]   推送chat开始...
[2026-08-23 12:00:45]   推送chat成功
[2026-08-23 12:00:45]   推送user开始...
[2026-08-23 12:00:46]   推送user成功
[2026-08-23 12:00:46] ==================================================
[2026-08-23 12:00:46] 完成 [noon]
[2026-08-23 16:00:02] ==================================================
[2026-08-23 16:00:02] 开始执行 [day]
[2026-08-23 16:00:12]   菜油OI Sina持仓不可靠(max_oi=744)，尝试东方财富补拉...
[2026-08-23 16:00:14]   东财补拉成功 3 条
[2026-08-23 16:00:23]   棕榈油P Sina持仓不可靠(max_oi=0)，尝试东方财富补拉...
[2026-08-23 16:00:25]   东财补拉成功 3 条
[2026-08-23 16:00:36]   豆油Y Sina持仓不可靠(max_oi=0)，尝试东方财富补拉...
[2026-08-23 16:00:37]   东财补拉成功 3 条
[2026-08-23 16:00:37]   抓取完成: 3/3 成功
[2026-08-23 16:00:37]   写入表格...
[2026-08-23 16:00:38]   创建 菜油OI OI2701 (2026-08-23) -> day 收 10283.0
[2026-08-23 16:00:42]   创建 棕榈油P P2701 (2026-08-23) -> day 收 10180.0
[2026-08-23 16:00:44]   创建 豆油Y Y2701 (2026-08-23) -> day 收 8819.0
[2026-08-23 16:00:46]   推送...
[2026-08-23 16:00:46]   推送chat开始...
[2026-08-23 16:00:47]   推送chat成功
[2026-08-23 16:00:47]   推送user开始...
[2026-08-23 16:00:48]   推送user成功
[2026-08-23 16:00:48] ==================================================
[2026-08-23 16:00:48] 完成 [day]
[2026-08-24 08:30:02] ==================================================
[2026-08-24 08:30:02] 开始执行 [morning]
[2026-08-24 08:30:12]   菜油OI Sina持仓不可靠(max_oi=744)，尝试东方财富补拉...
[2026-08-24 08:30:13]   东财补拉成功 3 条
[2026-08-24 08:30:24]   棕榈油P Sina持仓不可靠(max_oi=0)，尝试东方财富补拉...
[2026-08-24 08:30:24]   东财补拉成功 3 条
[2026-08-24 08:30:36]   抓取完成: 2/3 成功
[2026-08-24 08:30:36]   写入表格...
[2026-08-24 08:30:38]   创建 菜油OI OI2701 (2026-08-23) -> morning 收 10283.0
[2026-08-24 08:30:42]   创建 棕榈油P P2701 (2026-08-23) -> morning 收 10180.0
[2026-08-24 08:30:43]   推送...
[2026-08-24 08:30:43]   推送chat开始...
[2026-08-24 08:30:44]   推送chat成功
[2026-08-24 08:30:44]   推送user开始...
[2026-08-24 08:30:45]   推送user成功
[2026-08-24 08:30:45] ==================================================
[2026-08-24 08:30:45] 完成 [morning]
[2026-08-24 12:00:02] ==================================================
[2026-08-24 12:00:02] 开始执行 [noon]
[2026-08-24 12:00:12]   菜油OI Sina持仓不可靠(max_oi=744)，尝试东方财富补拉...
[2026-08-24 12:00:13]   东财补拉成功 3 条
[2026-08-24 12:00:23]   棕榈油P Sina持仓不可靠(max_oi=0)，尝试东方财富补拉...
[2026-08-24 12:00:25]   东财补拉成功 3 条
[2026-08-24 12:00:35]   豆油Y Sina持仓不可靠(max_oi=0)，尝试东方财富补拉...
[2026-08-24 12:00:35]   东财补拉成功 3 条
[2026-08-24 12:00:35]   抓取完成: 3/3 成功
[2026-08-24 12:00:35]   写入表格...
[2026-08-24 12:00:37]   创建 菜油OI OI2701 (2026-08-24) -> noon 收 10233.0
[2026-08-24 12:00:41]   创建 棕榈油P P2701 (2026-08-24) -> noon 收 10176.0
[2026-08-24 12:00:44]   创建 豆油Y Y2701 (2026-08-24) -> noon 收 8823.0
[2026-08-24 12:00:45]   推送...
[2026-08-24 12:00:45]   推送chat开始...
[2026-08-24 12:00:46]   推送chat成功
[2026-08-24 12:00:46]   推送user开始...
[2026-08-24 12:00:47]   推送user成功
[2026-08-24 12:00:47] ==================================================
[2026-08-24 12:00:47] 完成 [noon]
[2026-08-24 16:00:02] ==================================================
[2026-08-24 16:00:02] 开始执行 [day]
[2026-08-24 16:00:31]   抓取完成: 3/3 成功
[2026-08-24 16:00:31]   写入表格...
[2026-08-24 16:00:33]   创建 菜油OI OI2701 (2026-08-24) -> day 收 10208.0
[2026-08-24 16:00:38]   创建 棕榈油P P2701 (2026-08-24) -> day 收 10145.0
[2026-08-24 16:00:42]   创建 豆油Y Y2701 (2026-08-24) -> day 收 8805.0
[2026-08-24 16:00:44]   推送...
[2026-08-24 16:00:44]   推送chat开始...
[2026-08-24 16:00:46]   推送chat成功
[2026-08-24 16:00:46]   推送user开始...
[2026-08-24 16:00:47]   推送user成功
[2026-08-24 16:00:47] ==================================================
[2026-08-24 16:00:47] 完成 [day]
[2026-08-25 08:30:02] ==================================================
[2026-08-25 08:30:02] 开始执行 [morning]
[2026-08-25 08:30:13]   菜油OI Sina持仓不可靠(max_oi=744)，尝试东方财富补拉...
[2026-08-25 08:30:14]   东财补拉成功 3 条
[2026-08-25 08:30:26]   棕榈油P Sina持仓不可靠(max_oi=0)，尝试东方财富补拉...
[2026-08-25 08:30:26]   东财补拉成功 3 条
[2026-08-25 08:30:36]   抓取完成: 2/3 成功
[2026-08-25 08:30:36]   写入表格...
[2026-08-25 08:30:38]   创建 菜油OI OI2701 (2026-08-24) -> morning 收 10110.0
[2026-08-25 08:30:42]   创建 棕榈油P P2701 (2026-08-24) -> morning 收 10092.0
[2026-08-25 08:30:43]   推送...
[2026-08-25 08:30:43]   推送chat开始...
[2026-08-25 08:30:44]   推送chat成功
[2026-08-25 08:30:44]   推送user开始...
[2026-08-25 08:30:45]   推送user成功
[2026-08-25 08:30:45] ==================================================
[2026-08-25 08:30:45] 完成 [morning]
[2026-08-25 12:00:01] ==================================================
[2026-08-25 12:00:01] 开始执行 [noon]
[2026-08-25 12:00:11]   菜油OI Sina持仓不可靠(max_oi=744)，尝试东方财富补拉...
[2026-08-25 12:00:12]   东财补拉成功 3 条
[2026-08-25 12:00:21]   棕榈油P Sina持仓不可靠(max_oi=0)，尝试东方财富补拉...
[2026-08-25 12:00:22]   东财补拉成功 3 条
[2026-08-25 12:00:33]   豆油Y Sina持仓不可靠(max_oi=0)，尝试东方财富补拉...
[2026-08-25 12:00:33]   东财补拉成功 3 条
[2026-08-25 12:00:33]   抓取完成: 3/3 成功
[2026-08-25 12:00:33]   写入表格...
[2026-08-25 12:00:35]   创建 菜油OI OI2701 (2026-08-25) -> noon 收 10073.0
[2026-08-25 12:00:39]   创建 棕榈油P P2701 (2026-08-25) -> noon 收 10011.0
[2026-08-25 12:00:41]   创建 豆油Y Y2701 (2026-08-25) -> noon 收 8720.0
[2026-08-25 12:00:43]   推送...
[2026-08-25 12:00:43]   推送chat开始...
[2026-08-25 12:00:44]   推送chat成功
[2026-08-25 12:00:44]   推送user开始...
[2026-08-25 12:00:45]   推送user成功
[2026-08-25 12:00:45] ==================================================
[2026-08-25 12:00:45] 完成 [noon]
[2026-08-25 16:00:02] ==================================================
[2026-08-25 16:00:02] 开始执行 [day]
[2026-08-25 16:00:40]   抓取完成: 3/3 成功
[2026-08-25 16:00:40]   写入表格...
[2026-08-25 16:00:42]   创建 菜油OI OI2701 (2026-08-25) -> day 收 10100.0
[2026-08-25 16:00:47]   创建 棕榈油P P2701 (2026-08-25) -> day 收 10079.0
[2026-08-25 16:00:50]   创建 豆油Y Y2701 (2026-08-25) -> day 收 8764.0
[2026-08-25 16:00:52]   推送...
[2026-08-25 16:00:52]   推送chat开始...
[2026-08-25 16:00:53]   推送chat成功
[2026-08-25 16:00:53]   推送user开始...
[2026-08-25 16:00:55]   推送user成功
[2026-08-25 16:00:55] ==================================================
[2026-08-25 16:00:55] 完成 [day]
[2026-08-26 08:30:02] ==================================================
[2026-08-26 08:30:02] 开始执行 [morning]
[2026-08-26 08:30:13]   菜油OI Sina持仓不可靠(max_oi=744)，尝试东方财富补拉...
[2026-08-26 08:30:14]   东财补拉成功 3 条
[2026-08-26 08:30:24]   棕榈油P Sina持仓不可靠(max_oi=0)，尝试东方财富补拉...
[2026-08-26 08:30:24]   东财补拉成功 3 条
[2026-08-26 08:30:35]   豆油Y Sina持仓不可靠(max_oi=0)，尝试东方财富补拉...
[2026-08-26 08:30:35]   东财补拉成功 3 条
[2026-08-26 08:30:35]   抓取完成: 3/3 成功
[2026-08-26 08:30:35]   写入表格...
[2026-08-26 08:30:37]   创建 菜油OI OI2701 (2026-08-25) -> morning 收 10121.0
[2026-08-26 08:30:41]   创建 棕榈油P P2701 (2026-08-25) -> morning 收 10078.0
[2026-08-26 08:30:43]   创建 豆油Y Y2701 (2026-08-25) -> morning 收 8763.0
[2026-08-26 08:30:45]   推送...
[2026-08-26 08:30:45]   推送chat开始...
[2026-08-26 08:30:46]   推送chat成功
[2026-08-26 08:30:46]   推送user开始...
[2026-08-26 08:30:47]   推送user成功
[2026-08-26 08:30:47] ==================================================
[2026-08-26 08:30:47] 完成 [morning]
[2026-08-26 12:00:02] ==================================================
[2026-08-26 12:00:02] 开始执行 [noon]
[2026-08-26 12:00:12]   菜油OI Sina持仓不可靠(max_oi=744)，尝试东方财富补拉...
[2026-08-26 12:00:13]   东财补拉成功 3 条
[2026-08-26 12:00:22]   棕榈油P Sina持仓不可靠(max_oi=0)，尝试东方财富补拉...
[2026-08-26 12:00:23]   东财补拉成功 3 条
[2026-08-26 12:00:32]   豆油Y Sina持仓不可靠(max_oi=0)，尝试东方财富补拉...
[2026-08-26 12:00:32]   东财补拉成功 3 条
[2026-08-26 12:00:32]   抓取完成: 3/3 成功
[2026-08-26 12:00:32]   写入表格...
[2026-08-26 12:00:34]   创建 菜油OI OI2701 (2026-08-26) -> noon 收 10098.0
[2026-08-26 12:00:38]   创建 棕榈油P P2701 (2026-08-26) -> noon 收 10021.0
[2026-08-26 12:00:41]   创建 豆油Y Y2701 (2026-08-26) -> noon 收 8759.0
[2026-08-26 12:00:42]   推送...
[2026-08-26 12:00:42]   推送chat开始...
[2026-08-26 12:00:43]   推送chat成功
[2026-08-26 12:00:43]   推送user开始...
[2026-08-26 12:00:44]   推送user成功
[2026-08-26 12:00:44] ==================================================
[2026-08-26 12:00:44] 完成 [noon]
[2026-08-26 16:00:02] ==================================================
[2026-08-26 16:00:02] 开始执行 [day]
[2026-08-26 16:00:32]   抓取完成: 3/3 成功
[2026-08-26 16:00:32]   写入表格...
[2026-08-26 16:00:35]   创建 菜油OI OI2701 (2026-08-26) -> day 收 10102.0
[2026-08-26 16:00:39]   创建 棕榈油P P2701 (2026-08-26) -> day 收 10002.0
[2026-08-26 16:00:42]   创建 豆油Y Y2701 (2026-08-26) -> day 收 8765.0
[2026-08-26 16:00:44]   推送...
[2026-08-26 16:00:44]   推送chat开始...
[2026-08-26 16:00:45]   推送chat成功
[2026-08-26 16:00:45]   推送user开始...
[2026-08-26 16:00:46]   推送user成功
[2026-08-26 16:00:46] ==================================================
[2026-08-26 16:00:46] 完成 [day]
[2026-08-27 08:30:02] ==================================================
[2026-08-27 08:30:02] 开始执行 [morning]
[2026-08-27 08:30:12]   菜油OI Sina持仓不可靠(max_oi=744)，尝试东方财富补拉...
[2026-08-27 08:30:13]   东财补拉成功 3 条
[2026-08-27 08:30:23]   棕榈油P Sina持仓不可靠(max_oi=0)，尝试东方财富补拉...
[2026-08-27 08:30:24]   东财补拉成功 3 条
[2026-08-27 08:30:34]   抓取完成: 2/3 成功
[2026-08-27 08:30:34]   写入表格...
[2026-08-27 08:30:36]   创建 菜油OI OI2701 (2026-08-26) -> morning 收 10151.0
[2026-08-27 08:30:40]   创建 棕榈油P P2701 (2026-08-26) -> morning 收 10090.0
[2026-08-27 08:30:41]   推送...
[2026-08-27 08:30:41]   推送chat开始...
[2026-08-27 08:30:42]   推送chat成功
[2026-08-27 08:30:42]   推送user开始...
[2026-08-27 08:30:43]   推送user成功
[2026-08-27 08:30:43] ==================================================
[2026-08-27 08:30:43] 完成 [morning]
[2026-08-27 12:00:01] ==================================================
[2026-08-27 12:00:01] 开始执行 [noon]
[2026-08-27 12:00:14]   菜油OI Sina持仓不可靠(max_oi=744)，尝试东方财富补拉...
[2026-08-27 12:00:15]   东财补拉成功 3 条
[2026-08-27 12:00:25]   棕榈油P Sina持仓不可靠(max_oi=0)，尝试东方财富补拉...
[2026-08-27 12:00:26]   东财补拉成功 3 条
[2026-08-27 12:00:36]   豆油Y Sina持仓不可靠(max_oi=0)，尝试东方财富补拉...
[2026-08-27 12:00:37]   东财补拉成功 3 条
[2026-08-27 12:00:37]   抓取完成: 3/3 成功
[2026-08-27 12:00:37]   写入表格...
[2026-08-27 12:00:39]   创建 菜油OI OI2701 (2026-08-27) -> noon 收 10146.0
[2026-08-27 12:00:43]   创建 棕榈油P P2701 (2026-08-27) -> noon 收 10074.0
[2026-08-27 12:00:45]   创建 豆油Y Y2701 (2026-08-27) -> noon 收 8842.0
[2026-08-27 12:00:47]   推送...
[2026-08-27 12:00:47]   推送chat开始...
[2026-08-27 12:00:48]   推送chat成功
[2026-08-27 12:00:48]   推送user开始...
[2026-08-27 12:00:49]   推送user成功
[2026-08-27 12:00:49] ==================================================
[2026-08-27 12:00:49] 完成 [noon]
[2026-08-27 16:00:02] ==================================================
[2026-08-27 16:00:02] 开始执行 [day]
[2026-08-27 16:00:35]   抓取完成: 3/3 成功
[2026-08-27 16:00:35]   写入表格...
[2026-08-27 16:00:37]   创建 菜油OI OI2701 (2026-08-27) -> day 收 10128.0
[2026-08-27 16:00:41]   创建 棕榈油P P2701 (2026-08-27) -> day 收 10045.0
[2026-08-27 16:00:45]   创建 豆油Y Y2701 (2026-08-27) -> day 收 8828.0
[2026-08-27 16:00:47]   推送...
[2026-08-27 16:00:47]   推送chat开始...
[2026-08-27 16:00:48]   推送chat成功
[2026-08-27 16:00:48]   推送user开始...
[2026-08-27 16:00:49]   推送user成功
[2026-08-27 16:00:49] ==================================================
[2026-08-27 16:00:49] 完成 [day]
[2026-08-28 08:30:02] ==================================================
[2026-08-28 08:30:02] 开始执行 [morning]
[2026-08-28 08:30:11]   菜油OI Sina持仓不可靠(max_oi=744)，尝试东方财富补拉...
[2026-08-28 08:30:11]   东财补拉成功 3 条
[2026-08-28 08:30:22]   棕榈油P Sina持仓不可靠(max_oi=0)，尝试东方财富补拉...
[2026-08-28 08:30:22]   东财补拉成功 3 条
[2026-08-28 08:30:31]   豆油Y Sina持仓不可靠(max_oi=0)，尝试东方财富补拉...
[2026-08-28 08:30:32]   东财补拉成功 3 条
[2026-08-28 08:30:32]   抓取完成: 3/3 成功
[2026-08-28 08:30:32]   写入表格...
[2026-08-28 08:30:34]   创建 菜油OI OI2701 (2026-08-27) -> morning 收 10178.0
[2026-08-28 08:30:37]   创建 棕榈油P P2701 (2026-08-27) -> morning 收 10082.0
[2026-08-28 08:30:40]   创建 豆油Y Y2701 (2026-08-27) -> morning 收 8905.0
[2026-08-28 08:30:41]   推送...
[2026-08-28 08:30:41]   推送chat开始...
[2026-08-28 08:30:42]   推送chat成功
[2026-08-28 08:30:42]   推送user开始...
[2026-08-28 08:30:43]   推送user成功
[2026-08-28 08:30:43] ==================================================
[2026-08-28 08:30:43] 完成 [morning]
[2026-08-28 12:00:02] ==================================================
[2026-08-28 12:00:02] 开始执行 [noon]
[2026-08-28 12:00:15]   菜油OI Sina持仓不可靠(max_oi=744)，尝试东方财富补拉...
[2026-08-28 12:00:16]   东财补拉成功 3 条
[2026-08-28 12:00:27]   棕榈油P Sina持仓不可靠(max_oi=0)，尝试东方财富补拉...
[2026-08-28 12:00:28]   东财补拉成功 3 条
[2026-08-28 12:00:37]   豆油Y Sina持仓不可靠(max_oi=0)，尝试东方财富补拉...
[2026-08-28 12:00:37]   东财补拉成功 3 条
[2026-08-28 12:00:37]   抓取完成: 3/3 成功
[2026-08-28 12:00:37]   写入表格...
[2026-08-28 12:00:39]   创建 菜油OI OI2701 (2026-08-28) -> noon 收 10203.0
[2026-08-28 12:00:43]   创建 棕榈油P P2701 (2026-08-28) -> noon 收 10109.0
[2026-08-28 12:00:45]   创建 豆油Y Y2701 (2026-08-28) -> noon 收 8930.0
[2026-08-28 12:00:48]   推送...
[2026-08-28 12:00:48]   推送chat开始...
[2026-08-28 12:00:50]   推送chat成功
[2026-08-28 12:00:50]   推送user开始...
[2026-08-28 12:00:51]   推送user成功
[2026-08-28 12:00:51] ==================================================
[2026-08-28 12:00:51] 完成 [noon]
[2026-08-28 16:00:02] ==================================================
[2026-08-28 16:00:02] 开始执行 [day]
[2026-08-28 16:00:41]   抓取完成: 3/3 成功
[2026-08-28 16:00:41]   写入表格...
[2026-08-28 16:00:43]   创建 菜油OI OI2701 (2026-08-28) -> day 收 10201.0
[2026-08-28 16:00:48]   创建 棕榈油P P2701 (2026-08-28) -> day 收 10171.0
[2026-08-28 16:00:51]   创建 豆油Y Y2701 (2026-08-28) -> day 收 8965.0
[2026-08-28 16:00:53]   推送...
[2026-08-28 16:00:53]   推送chat开始...
[2026-08-28 16:00:54]   推送chat成功
[2026-08-28 16:00:54]   推送user开始...
[2026-08-28 16:00:55]   推送user成功
[2026-08-28 16:00:55] ==================================================
[2026-08-28 16:00:55] 完成 [day]
[2026-08-29 08:30:02] ==================================================
[2026-08-29 08:30:02] 开始执行 [morning]
[2026-08-29 08:30:13]   菜油OI Sina持仓不可靠(max_oi=744)，尝试东方财富补拉...
[2026-08-29 08:30:14]   东财补拉成功 3 条
[2026-08-29 08:30:25]   棕榈油P Sina持仓不可靠(max_oi=0)，尝试东方财富补拉...
[2026-08-29 08:30:26]   东财补拉成功 3 条
[2026-08-29 08:30:38]   豆油Y Sina持仓不可靠(max_oi=0)，尝试东方财富补拉...
[2026-08-29 08:30:39]   东财补拉成功 3 条
[2026-08-29 08:30:39]   抓取完成: 3/3 成功
[2026-08-29 08:30:39]   写入表格...
[2026-08-29 08:30:40]   创建 菜油OI OI2701 (2026-08-28) -> morning 收 10223.0
[2026-08-29 08:30:44]   创建 棕榈油P P2701 (2026-08-28) -> morning 收 10232.0
[2026-08-29 08:30:47]   创建 豆油Y Y2701 (2026-08-28) -> morning 收 8979.0
[2026-08-29 08:30:48]   推送...
[2026-08-29 08:30:48]   推送chat开始...
[2026-08-29 08:30:49]   推送chat成功
[2026-08-29 08:30:49]   推送user开始...
[2026-08-29 08:30:50]   推送user成功
[2026-08-29 08:30:50] ==================================================
[2026-08-29 08:30:50] 完成 [morning]
[2026-08-29 12:00:02] ==================================================
[2026-08-29 12:00:02] 开始执行 [noon]
[2026-08-29 12:00:11]   菜油OI Sina持仓不可靠(max_oi=744)，尝试东方财富补拉...
[2026-08-29 12:00:11]   东财补拉成功 3 条
[2026-08-29 12:00:22]   棕榈油P Sina持仓不可靠(max_oi=0)，尝试东方财富补拉...
[2026-08-29 12:00:22]   东财补拉成功 3 条
[2026-08-29 12:00:34]   豆油Y Sina持仓不可靠(max_oi=0)，尝试东方财富补拉...
[2026-08-29 12:00:34]   东财补拉成功 3 条
[2026-08-29 12:00:34]   抓取完成: 3/3 成功
[2026-08-29 12:00:34]   写入表格...
[2026-08-29 12:00:36]   创建 菜油OI OI2701 (2026-08-29) -> noon 收 10223.0
[2026-08-29 12:00:40]   创建 棕榈油P P2701 (2026-08-29) -> noon 收 10232.0
[2026-08-29 12:00:42]   创建 豆油Y Y2701 (2026-08-29) -> noon 收 8979.0
[2026-08-29 12:00:44]   推送...
[2026-08-29 12:00:44]   推送chat开始...
[2026-08-29 12:00:45]   推送chat成功
[2026-08-29 12:00:45]   推送user开始...
[2026-08-29 12:00:45]   推送user成功
[2026-08-29 12:00:45] ==================================================
[2026-08-29 12:00:45] 完成 [noon]
[2026-08-29 16:00:02] ==================================================
[2026-08-29 16:00:02] 开始执行 [day]
[2026-08-29 16:00:12]   菜油OI Sina持仓不可靠(max_oi=744)，尝试东方财富补拉...
[2026-08-29 16:00:13]   东财补拉成功 3 条
[2026-08-29 16:00:22]   棕榈油P Sina持仓不可靠(max_oi=0)，尝试东方财富补拉...
[2026-08-29 16:00:22]   东财补拉成功 3 条
[2026-08-29 16:00:34]   抓取完成: 2/3 成功
[2026-08-29 16:00:34]   写入表格...
[2026-08-29 16:00:36]   创建 菜油OI OI2701 (2026-08-29) -> day 收 10223.0
[2026-08-29 16:00:40]   创建 棕榈油P P2701 (2026-08-29) -> day 收 10232.0
[2026-08-29 16:00:42]   推送...
[2026-08-29 16:00:42]   推送chat开始...
[2026-08-29 16:00:43]   推送chat成功
[2026-08-29 16:00:43]   推送user开始...
[2026-08-29 16:00:44]   推送user成功
[2026-08-29 16:00:44] ==================================================
[2026-08-29 16:00:44] 完成 [day]
[2026-08-30 08:30:02] ==================================================
[2026-08-30 08:30:02] 开始执行 [morning]
[2026-08-30 08:30:11]   菜油OI Sina持仓不可靠(max_oi=744)，尝试东方财富补拉...
[2026-08-30 08:30:11]   东财补拉成功 3 条
[2026-08-30 08:30:22]   棕榈油P Sina持仓不可靠(max_oi=0)，尝试东方财富补拉...
[2026-08-30 08:30:22]   东财补拉成功 3 条
[2026-08-30 08:30:34]   豆油Y Sina持仓不可靠(max_oi=0)，尝试东方财富补拉...
[2026-08-30 08:30:34]   东财补拉成功 3 条
[2026-08-30 08:30:34]   抓取完成: 3/3 成功
[2026-08-30 08:30:34]   写入表格...
[2026-08-30 08:30:36]   创建 菜油OI OI2701 (2026-08-29) -> morning 收 10223.0
[2026-08-30 08:30:39]   创建 棕榈油P P2701 (2026-08-29) -> morning 收 10232.0
[2026-08-30 08:30:42]   创建 豆油Y Y2701 (2026-08-29) -> morning 收 8979.0
[2026-08-30 08:30:43]   推送...
[2026-08-30 08:30:43]   推送chat开始...
[2026-08-30 08:30:44]   推送chat成功
[2026-08-30 08:30:44]   推送user开始...
[2026-08-30 08:30:45]   推送user成功
[2026-08-30 08:30:45] ==================================================
[2026-08-30 08:30:45] 完成 [morning]
[2026-08-30 12:00:02] ==================================================
[2026-08-30 12:00:02] 开始执行 [noon]
[2026-08-30 12:00:13]   菜油OI Sina持仓不可靠(max_oi=744)，尝试东方财富补拉...
[2026-08-30 12:00:14]   东财补拉成功 3 条
[2026-08-30 12:00:26]   棕榈油P Sina持仓不可靠(max_oi=0)，尝试东方财富补拉...
[2026-08-30 12:00:26]   东财补拉成功 3 条
[2026-08-30 12:00:38]   豆油Y Sina持仓不可靠(max_oi=0)，尝试东方财富补拉...
[2026-08-30 12:00:38]   东财补拉成功 3 条
[2026-08-30 12:00:38]   抓取完成: 3/3 成功
[2026-08-30 12:00:38]   写入表格...
[2026-08-30 12:00:40]   创建 菜油OI OI2701 (2026-08-30) -> noon 收 10223.0
[2026-08-30 12:00:43]   创建 棕榈油P P2701 (2026-08-30) -> noon 收 10232.0
[2026-08-30 12:00:46]   创建 豆油Y Y2701 (2026-08-30) -> noon 收 8979.0
[2026-08-30 12:00:47]   推送...
[2026-08-30 12:00:47]   推送chat开始...
[2026-08-30 12:00:48]   推送chat成功
[2026-08-30 12:00:48]   推送user开始...
[2026-08-30 12:00:49]   推送user成功
[2026-08-30 12:00:49] ==================================================
[2026-08-30 12:00:49] 完成 [noon]
[2026-08-30 16:00:02] ==================================================
[2026-08-30 16:00:02] 开始执行 [day]
[2026-08-30 16:00:13]   菜油OI Sina持仓不可靠(max_oi=744)，尝试东方财富补拉...
[2026-08-30 16:00:14]   东财补拉成功 3 条
[2026-08-30 16:00:25]   棕榈油P Sina持仓不可靠(max_oi=0)，尝试东方财富补拉...
[2026-08-30 16:00:26]   东财补拉成功 3 条
[2026-08-30 16:00:36]   豆油Y Sina持仓不可靠(max_oi=0)，尝试东方财富补拉...
[2026-08-30 16:00:37]   东财补拉成功 3 条
[2026-08-30 16:00:37]   抓取完成: 3/3 成功
[2026-08-30 16:00:37]   写入表格...
[2026-08-30 16:00:38]   创建 菜油OI OI2701 (2026-08-30) -> day 收 10223.0
[2026-08-30 16:00:42]   创建 棕榈油P P2701 (2026-08-30) -> day 收 10232.0
[2026-08-30 16:00:44]   创建 豆油Y Y2701 (2026-08-30) -> day 收 8979.0
[2026-08-30 16:00:46]   推送...
[2026-08-30 16:00:46]   推送chat开始...
[2026-08-30 16:00:47]   推送chat成功
[2026-08-30 16:00:47]   推送user开始...
[2026-08-30 16:00:48]   推送user成功
[2026-08-30 16:00:48] ==================================================
[2026-08-30 16:00:48] 完成 [day]
[2026-08-31 08:30:02] ==================================================
[2026-08-31 08:30:02] 开始执行 [morning]
[2026-08-31 08:30:13]   菜油OI Sina持仓不可靠(max_oi=744)，尝试东方财富补拉...
[2026-08-31 08:30:13]   东财补拉成功 3 条
[2026-08-31 08:30:23]   棕榈油P Sina持仓不可靠(max_oi=0)，尝试东方财富补拉...
[2026-08-31 08:30:23]   东财补拉成功 3 条
[2026-08-31 08:30:31]   豆油Y Sina持仓不可靠(max_oi=0)，尝试东方财富补拉...
[2026-08-31 08:30:31]   东财补拉成功 3 条
[2026-08-31 08:30:31]   抓取完成: 3/3 成功
[2026-08-31 08:30:31]   写入表格...
[2026-08-31 08:30:33]   创建 菜油OI OI2701 (2026-08-30) -> morning 收 10223.0
[2026-08-31 08:30:37]   创建 棕榈油P P2701 (2026-08-30) -> morning 收 10232.0
[2026-08-31 08:30:39]   创建 豆油Y Y2701 (2026-08-30) -> morning 收 8979.0
[2026-08-31 08:30:41]   推送...
[2026-08-31 08:30:41]   推送chat开始...
[2026-08-31 08:30:42]   推送chat成功
[2026-08-31 08:30:42]   推送user开始...
[2026-08-31 08:30:43]   推送user成功
[2026-08-31 08:30:43] ==================================================
[2026-08-31 08:30:43] 完成 [morning]
[2026-08-31 12:00:01] ==================================================
[2026-08-31 12:00:01] 开始执行 [noon]
[2026-08-31 12:00:13]   菜油OI Sina持仓不可靠(max_oi=744)，尝试东方财富补拉...
[2026-08-31 12:00:13]   东财补拉成功 3 条
[2026-08-31 12:00:27]   棕榈油P Sina持仓不可靠(max_oi=0)，尝试东方财富补拉...
[2026-08-31 12:00:27]   东财补拉成功 3 条
[2026-08-31 12:00:40]   豆油Y Sina持仓不可靠(max_oi=0)，尝试东方财富补拉...
[2026-08-31 12:00:41]   东财补拉成功 3 条
[2026-08-31 12:00:41]   抓取完成: 3/3 成功
[2026-08-31 12:00:41]   写入表格...
[2026-08-31 12:00:42]   创建 菜油OI OI2701 (2026-08-31) -> noon 收 10245.0
[2026-08-31 12:00:46]   创建 棕榈油P P2701 (2026-08-31) -> noon 收 10257.0
[2026-08-31 12:00:49]   创建 豆油Y Y2701 (2026-08-31) -> noon 收 9051.0
[2026-08-31 12:00:50]   推送...
[2026-08-31 12:00:50]   推送chat开始...
[2026-08-31 12:00:51]   推送chat成功
[2026-08-31 12:00:51]   推送user开始...
[2026-08-31 12:00:53]   推送user成功
[2026-08-31 12:00:53] ==================================================
[2026-08-31 12:00:53] 完成 [noon]
[2026-08-31 16:00:01] ==================================================
[2026-08-31 16:00:01] 开始执行 [day]
[2026-08-31 16:00:33]   抓取完成: 3/3 成功
[2026-08-31 16:00:33]   写入表格...
[2026-08-31 16:00:35]   创建 菜油OI OI2701 (2026-08-31) -> day 收 10254.0
[2026-08-31 16:00:39]   创建 棕榈油P P2701 (2026-08-31) -> day 收 10283.0
[2026-08-31 16:00:42]   创建 豆油Y Y2701 (2026-08-31) -> day 收 9045.0
[2026-08-31 16:00:44]   推送...
[2026-08-31 16:00:44]   推送chat开始...
[2026-08-31 16:00:46]   推送chat成功
[2026-08-31 16:00:46]   推送user开始...
[2026-08-31 16:00:47]   推送user成功
[2026-08-31 16:00:47] ==================================================
[2026-08-31 16:00:47] 完成 [day]
[2026-09-01 08:30:02] ==================================================
[2026-09-01 08:30:02] 开始执行 [morning]
[2026-09-01 08:30:12]   菜油OI Sina持仓不可靠(max_oi=744)，尝试东方财富补拉...
[2026-09-01 08:30:12]   东财补拉成功 3 条
[2026-09-01 08:30:22]   棕榈油P Sina持仓不可靠(max_oi=0)，尝试东方财富补拉...
[2026-09-01 08:30:23]   东财补拉成功 3 条
[2026-09-01 08:30:34]   豆油Y Sina持仓不可靠(max_oi=0)，尝试东方财富补拉...
[2026-09-01 08:30:34]   东财补拉成功 3 条
[2026-09-01 08:30:34]   抓取完成: 3/3 成功
[2026-09-01 08:30:34]   写入表格...
[2026-09-01 08:30:37]   创建 菜油OI OI2701 (2026-08-31) -> morning 收 10137.0
[2026-09-01 08:30:40]   创建 棕榈油P P2701 (2026-08-31) -> morning 收 10202.0
[2026-09-01 08:30:43]   创建 豆油Y Y2701 (2026-08-31) -> morning 收 8988.0
[2026-09-01 08:30:44]   推送...
[2026-09-01 08:30:44]   推送chat开始...
[2026-09-01 08:30:45]   推送chat成功
[2026-09-01 08:30:45]   推送user开始...
[2026-09-01 08:30:46]   推送user成功
[2026-09-01 08:30:46] ==================================================
[2026-09-01 08:30:46] 完成 [morning]
[2026-09-01 12:00:01] ==================================================
[2026-09-01 12:00:01] 开始执行 [noon]
[2026-09-01 12:00:11]   菜油OI Sina持仓不可靠(max_oi=744)，尝试东方财富补拉...
[2026-09-01 12:00:12]   东财补拉成功 3 条
[2026-09-01 12:00:23]   棕榈油P Sina持仓不可靠(max_oi=0)，尝试东方财富补拉...
[2026-09-01 12:00:24]   东财补拉成功 3 条
[2026-09-01 12:00:33]   豆油Y Sina持仓不可靠(max_oi=0)，尝试东方财富补拉...
[2026-09-01 12:00:34]   东财补拉成功 3 条
[2026-09-01 12:00:34]   抓取完成: 3/3 成功
[2026-09-01 12:00:34]   写入表格...
[2026-09-01 12:00:35]   创建 菜油OI OI2701 (2026-09-01) -> noon 收 10291.0
[2026-09-01 12:00:39]   创建 棕榈油P P2701 (2026-09-01) -> noon 收 10351.0
[2026-09-01 12:00:42]   创建 豆油Y Y2701 (2026-09-01) -> noon 收 9104.0
[2026-09-01 12:00:44]   推送...
[2026-09-01 12:00:44]   推送chat开始...
[2026-09-01 12:00:45]   推送chat成功
[2026-09-01 12:00:45]   推送user开始...
[2026-09-01 12:00:46]   推送user成功
[2026-09-01 12:00:46] ==================================================
[2026-09-01 12:00:46] 完成 [noon]
[2026-09-01 16:00:02] ==================================================
[2026-09-01 16:00:02] 开始执行 [day]
[2026-09-01 16:00:30]   抓取完成: 3/3 成功
[2026-09-01 16:00:30]   写入表格...
[2026-09-01 16:00:33]   创建 菜油OI OI2701 (2026-09-01) -> day 收 10254.0
[2026-09-01 16:00:37]   创建 棕榈油P P2701 (2026-09-01) -> day 收 10297.0
[2026-09-01 16:00:40]   创建 豆油Y Y2701 (2026-09-01) -> day 收 9098.0
[2026-09-01 16:00:42]   推送...
[2026-09-01 16:00:42]   推送chat开始...
[2026-09-01 16:00:43]   推送chat成功
[2026-09-01 16:00:43]   推送user开始...
[2026-09-01 16:00:45]   推送user成功
[2026-09-01 16:00:45] ==================================================
[2026-09-01 16:00:45] 完成 [day]
[2026-09-02 08:30:02] ==================================================
[2026-09-02 08:30:02] 开始执行 [morning]
[2026-09-02 08:30:12]   菜油OI Sina持仓不可靠(max_oi=744)，尝试东方财富补拉...
[2026-09-02 08:30:13]   东财补拉成功 3 条
[2026-09-02 08:30:25]   棕榈油P Sina持仓不可靠(max_oi=0)，尝试东方财富补拉...
[2026-09-02 08:30:26]   东财补拉成功 3 条
[2026-09-02 08:30:36]   豆油Y Sina持仓不可靠(max_oi=0)，尝试东方财富补拉...
[2026-09-02 08:30:37]   东财补拉成功 3 条
[2026-09-02 08:30:37]   抓取完成: 3/3 成功
[2026-09-02 08:30:37]   写入表格...
[2026-09-02 08:30:39]   创建 菜油OI OI2701 (2026-09-01) -> morning 收 10343.0
[2026-09-02 08:30:42]   创建 棕榈油P P2701 (2026-09-01) -> morning 收 10315.0
[2026-09-02 08:30:45]   创建 豆油Y Y2701 (2026-09-01) -> morning 收 9204.0
[2026-09-02 08:30:47]   推送...
[2026-09-02 08:30:47]   推送chat开始...
[2026-09-02 08:30:48]   推送chat成功
[2026-09-02 08:30:48]   推送user开始...
[2026-09-02 08:30:49]   推送user成功
[2026-09-02 08:30:49] ==================================================
[2026-09-02 08:30:49] 完成 [morning]
[2026-09-02 12:00:02] ==================================================
[2026-09-02 12:00:02] 开始执行 [noon]
[2026-09-02 12:00:31]   豆油Y Sina持仓不可靠(max_oi=0)，尝试东方财富补拉...
[2026-09-02 12:00:32]   东财补拉成功 3 条
[2026-09-02 12:00:32]   抓取完成: 1/3 成功
[2026-09-02 12:00:32]   写入表格...
[2026-09-02 12:00:34]   创建 豆油Y Y2701 (2026-09-02) -> noon 收 9070.0
[2026-09-02 12:00:36]   推送...
[2026-09-02 12:00:36]   推送chat开始...
[2026-09-02 12:00:37]   推送chat成功
[2026-09-02 12:00:37]   推送user开始...
[2026-09-02 12:00:38]   推送user成功
[2026-09-02 12:00:38] ==================================================
[2026-09-02 12:00:38] 完成 [noon]
[2026-09-02 16:00:03] ==================================================
[2026-09-02 16:00:03] 开始执行 [day]
[2026-09-02 16:00:33]   抓取完成: 3/3 成功
[2026-09-02 16:00:33]   写入表格...
[2026-09-02 16:00:35]   创建 菜油OI OI2701 (2026-09-02) -> day 收 10205.0
[2026-09-02 16:00:40]   创建 棕榈油P P2701 (2026-09-02) -> day 收 10186.0
[2026-09-02 16:00:43]   创建 豆油Y Y2701 (2026-09-02) -> day 收 9113.0
[2026-09-02 16:00:45]   推送...
[2026-09-02 16:00:45]   推送chat开始...
[2026-09-02 16:00:46]   推送chat成功
[2026-09-02 16:00:46]   推送user开始...
[2026-09-02 16:00:47]   推送user成功
[2026-09-02 16:00:47] ==================================================
[2026-09-02 16:00:47] 完成 [day]
[2026-09-03 08:30:02] ==================================================
[2026-09-03 08:30:02] 开始执行 [morning]
[2026-09-03 08:30:15]   菜油OI Sina持仓不可靠(max_oi=744)，尝试东方财富补拉...
[2026-09-03 08:30:15]   东财补拉成功 3 条
[2026-09-03 08:30:29]   棕榈油P Sina持仓不可靠(max_oi=0)，尝试东方财富补拉...
[2026-09-03 08:30:29]   东财补拉成功 3 条
[2026-09-03 08:30:41]   豆油Y Sina持仓不可靠(max_oi=751)，尝试东方财富补拉...
[2026-09-03 08:30:41]   EM Y2609: could not convert string to float: '-'
[2026-09-03 08:30:41]   东财补拉成功 2 条
[2026-09-03 08:30:41]   抓取完成: 3/3 成功
[2026-09-03 08:30:41]   写入表格...
[2026-09-03 08:30:43]   创建 菜油OI OI2701 (2026-09-02) -> morning 收 10263.0
[2026-09-03 08:30:46]   创建 棕榈油P P2701 (2026-09-02) -> morning 收 10289.0
[2026-09-03 08:30:49]   创建 豆油Y Y2701 (2026-09-02) -> morning 收 9215.0
[2026-09-03 08:30:50]   推送...
[2026-09-03 08:30:50]   推送chat开始...
[2026-09-03 08:30:51]   推送chat成功
[2026-09-03 08:30:51]   推送user开始...
[2026-09-03 08:30:52]   推送user成功
[2026-09-03 08:30:52] ==================================================
[2026-09-03 08:30:52] 完成 [morning]
[2026-09-03 12:00:02] ==================================================
[2026-09-03 12:00:02] 开始执行 [noon]
[2026-09-03 12:00:22]   棕榈油P Sina持仓不可靠(max_oi=0)，尝试东方财富补拉...
[2026-09-03 12:00:23]   东财补拉成功 3 条
[2026-09-03 12:00:35]   豆油Y Sina持仓不可靠(max_oi=0)，尝试东方财富补拉...
[2026-09-03 12:00:35]   东财补拉成功 3 条
[2026-09-03 12:00:35]   抓取完成: 2/3 成功
[2026-09-03 12:00:35]   写入表格...
[2026-09-03 12:00:37]   创建 棕榈油P P2701 (2026-09-03) -> noon 收 10349.0
[2026-09-03 12:00:41]   创建 豆油Y Y2701 (2026-09-03) -> noon 收 9223.0
[2026-09-03 12:00:42]   推送...
[2026-09-03 12:00:42]   推送chat开始...
[2026-09-03 12:00:43]   推送chat成功
[2026-09-03 12:00:43]   推送user开始...
[2026-09-03 12:00:44]   推送user成功
[2026-09-03 12:00:44] ==================================================
[2026-09-03 12:00:44] 完成 [noon]
[2026-09-03 16:00:02] ==================================================
[2026-09-03 16:00:02] 开始执行 [day]
[2026-09-03 16:00:34]   抓取完成: 3/3 成功
[2026-09-03 16:00:34]   写入表格...
[2026-09-03 16:00:36]   创建 菜油OI OI2701 (2026-09-03) -> day 收 10194.0
[2026-09-03 16:00:39]   创建 棕榈油P P2701 (2026-09-03) -> day 收 10217.0
[2026-09-03 16:00:42]   创建 豆油Y Y2701 (2026-09-03) -> day 收 9123.0
[2026-09-03 16:00:44]   推送...
[2026-09-03 16:00:44]   推送chat开始...
[2026-09-03 16:00:46]   推送chat成功
[2026-09-03 16:00:46]   推送user开始...
[2026-09-03 16:00:47]   推送user成功
[2026-09-03 16:00:47] ==================================================
[2026-09-03 16:00:47] 完成 [day]
[2026-09-04 08:30:02] ==================================================
[2026-09-04 08:30:02] 开始执行 [morning]
[2026-09-04 08:30:10]   菜油OI Sina持仓不可靠(max_oi=3611)，尝试东方财富补拉...
[2026-09-04 08:30:11]   EM OI2609: could not convert string to float: '-'
[2026-09-04 08:30:11]   东财补拉成功 2 条
[2026-09-04 08:30:21]   棕榈油P Sina持仓不可靠(max_oi=0)，尝试东方财富补拉...
[2026-09-04 08:30:22]   东财补拉成功 3 条
[2026-09-04 08:30:32]   豆油Y Sina持仓不可靠(max_oi=0)，尝试东方财富补拉...
[2026-09-04 08:30:32]   东财补拉成功 3 条
[2026-09-04 08:30:32]   抓取完成: 3/3 成功
[2026-09-04 08:30:32]   写入表格...
[2026-09-04 08:30:34]   创建 菜油OI OI2701 (2026-09-03) -> morning 收 10143.0
[2026-09-04 08:30:37]   创建 棕榈油P P2701 (2026-09-03) -> morning 收 10214.0
[2026-09-04 08:30:40]   创建 豆油Y Y2701 (2026-09-03) -> morning 收 9138.0
[2026-09-04 08:30:42]   推送...
[2026-09-04 08:30:42]   推送chat开始...
[2026-09-04 08:30:42]   推送chat成功
[2026-09-04 08:30:42]   推送user开始...
[2026-09-04 08:30:44]   推送user成功
[2026-09-04 08:30:44] ==================================================
[2026-09-04 08:30:44] 完成 [morning]
[2026-09-04 12:00:02] ==================================================
[2026-09-04 12:00:02] 开始执行 [noon]
[2026-09-04 12:00:12]   菜油OI Sina持仓不可靠(max_oi=3611)，尝试东方财富补拉...
[2026-09-04 12:00:12]   EM OI2609: could not convert string to float: '-'
[2026-09-04 12:00:12]   东财补拉成功 2 条
[2026-09-04 12:00:23]   棕榈油P Sina持仓不可靠(max_oi=0)，尝试东方财富补拉...
[2026-09-04 12:00:23]   东财补拉成功 3 条
[2026-09-04 12:00:33]   抓取完成: 2/3 成功
[2026-09-04 12:00:33]   写入表格...
[2026-09-04 12:00:35]   创建 菜油OI OI2701 (2026-09-04) -> noon 收 10180.0
[2026-09-04 12:00:38]   创建 棕榈油P P2701 (2026-09-04) -> noon 收 10253.0
[2026-09-04 12:00:40]   推送...
[2026-09-04 12:00:40]   推送chat开始...
[2026-09-04 12:00:41]   推送chat成功
[2026-09-04 12:00:41]   推送user开始...
[2026-09-04 12:00:42]   推送user成功
[2026-09-04 12:00:42] ==================================================
[2026-09-04 12:00:42] 完成 [noon]
[2026-09-04 16:00:01] ==================================================
[2026-09-04 16:00:01] 开始执行 [day]
[2026-09-04 16:00:32]   抓取完成: 3/3 成功
[2026-09-04 16:00:32]   写入表格...
[2026-09-04 16:00:35]   创建 菜油OI OI2701 (2026-09-04) -> day 收 10175.0
[2026-09-04 16:00:39]   创建 棕榈油P P2701 (2026-09-04) -> day 收 10230.0
[2026-09-04 16:00:41]   创建 豆油Y Y2701 (2026-09-04) -> day 收 9165.0
[2026-09-04 16:00:44]   推送...
[2026-09-04 16:00:44]   推送chat开始...
[2026-09-04 16:00:45]   推送chat成功
[2026-09-04 16:00:45]   推送user开始...
[2026-09-04 16:00:46]   推送user成功
[2026-09-04 16:00:46] ==================================================
[2026-09-04 16:00:46] 完成 [day]
[2026-09-05 08:30:02] ==================================================
[2026-09-05 08:30:02] 开始执行 [morning]
[2026-09-05 08:30:13]   菜油OI Sina持仓不可靠(max_oi=3611)，尝试东方财富补拉...
[2026-09-05 08:30:14]   EM OI2609: could not convert string to float: '-'
[2026-09-05 08:30:14]   东财补拉成功 2 条
[2026-09-05 08:30:22]   棕榈油P Sina持仓不可靠(max_oi=0)，尝试东方财富补拉...
[2026-09-05 08:30:22]   东财补拉成功 3 条
[2026-09-05 08:30:35]   抓取完成: 2/3 成功
[2026-09-05 08:30:35]   写入表格...
[2026-09-05 08:30:37]   创建 菜油OI OI2701 (2026-09-04) -> morning 收 10212.0
[2026-09-05 08:30:41]   创建 棕榈油P P2701 (2026-09-04) -> morning 收 10208.0
[2026-09-05 08:30:42]   推送...
[2026-09-05 08:30:42]   推送chat开始...
[2026-09-05 08:30:43]   推送chat成功
[2026-09-05 08:30:43]   推送user开始...
[2026-09-05 08:30:44]   推送user成功
[2026-09-05 08:30:44] ==================================================
[2026-09-05 08:30:44] 完成 [morning]
[2026-09-05 12:00:02] ==================================================
[2026-09-05 12:00:02] 开始执行 [noon]
[2026-09-05 12:00:12]   菜油OI Sina持仓不可靠(max_oi=3611)，尝试东方财富补拉...
[2026-09-05 12:00:13]   EM OI2609: could not convert string to float: '-'
[2026-09-05 12:00:13]   东财补拉成功 2 条
[2026-09-05 12:00:24]   棕榈油P Sina持仓不可靠(max_oi=0)，尝试东方财富补拉...
[2026-09-05 12:00:25]   东财补拉成功 3 条
[2026-09-05 12:00:37]   豆油Y Sina持仓不可靠(max_oi=0)，尝试东方财富补拉...
[2026-09-05 12:00:37]   东财补拉成功 3 条
[2026-09-05 12:00:37]   抓取完成: 3/3 成功
[2026-09-05 12:00:37]   写入表格...
[2026-09-05 12:00:39]   创建 菜油OI OI2701 (2026-09-05) -> noon 收 10212.0
[2026-09-05 12:00:43]   创建 棕榈油P P2701 (2026-09-05) -> noon 收 10208.0
[2026-09-05 12:00:45]   创建 豆油Y Y2701 (2026-09-05) -> noon 收 9148.0
[2026-09-05 12:00:47]   推送...
[2026-09-05 12:00:47]   推送chat开始...
[2026-09-05 12:00:47]   推送chat成功
[2026-09-05 12:00:47]   推送user开始...
[2026-09-05 12:00:48]   推送user成功
[2026-09-05 12:00:48] ==================================================
[2026-09-05 12:00:48] 完成 [noon]
[2026-09-05 16:00:02] ==================================================
[2026-09-05 16:00:02] 开始执行 [day]
[2026-09-05 16:00:11]   菜油OI Sina持仓不可靠(max_oi=3611)，尝试东方财富补拉...
[2026-09-05 16:00:11]   EM OI2609: could not convert string to float: '-'
[2026-09-05 16:00:11]   东财补拉成功 2 条
[2026-09-05 16:00:21]   棕榈油P Sina持仓不可靠(max_oi=0)，尝试东方财富补拉...
[2026-09-05 16:00:22]   东财补拉成功 3 条
[2026-09-05 16:00:35]   抓取完成: 2/3 成功
[2026-09-05 16:00:35]   写入表格...
[2026-09-05 16:00:37]   创建 菜油OI OI2701 (2026-09-05) -> day 收 10212.0
[2026-09-05 16:00:40]   创建 棕榈油P P2701 (2026-09-05) -> day 收 10208.0
[2026-09-05 16:00:42]   推送...
[2026-09-05 16:00:42]   推送chat开始...
[2026-09-05 16:00:43]   推送chat成功
[2026-09-05 16:00:43]   推送user开始...
[2026-09-05 16:00:44]   推送user成功
[2026-09-05 16:00:44] ==================================================
[2026-09-05 16:00:44] 完成 [day]
[2026-09-06 08:30:01] ==================================================
[2026-09-06 08:30:01] 开始执行 [morning]
[2026-09-06 08:30:12]   菜油OI Sina持仓不可靠(max_oi=3611)，尝试东方财富补拉...
[2026-09-06 08:30:13]   EM OI2609: could not convert string to float: '-'
[2026-09-06 08:30:13]   东财补拉成功 2 条
[2026-09-06 08:30:23]   棕榈油P Sina持仓不可靠(max_oi=0)，尝试东方财富补拉...
[2026-09-06 08:30:24]   东财补拉成功 3 条
[2026-09-06 08:30:36]   抓取完成: 2/3 成功
[2026-09-06 08:30:36]   写入表格...
[2026-09-06 08:30:38]   创建 菜油OI OI2701 (2026-09-05) -> morning 收 10212.0
[2026-09-06 08:30:41]   创建 棕榈油P P2701 (2026-09-05) -> morning 收 10208.0
[2026-09-06 08:30:43]   推送...
[2026-09-06 08:30:43]   推送chat开始...
[2026-09-06 08:30:43]   推送chat成功
[2026-09-06 08:30:43]   推送user开始...
[2026-09-06 08:30:44]   推送user成功
[2026-09-06 08:30:44] ==================================================
[2026-09-06 08:30:44] 完成 [morning]
[2026-09-06 12:00:01] ==================================================
[2026-09-06 12:00:01] 开始执行 [noon]
[2026-09-06 12:00:15]   菜油OI Sina持仓不可靠(max_oi=3611)，尝试东方财富补拉...
[2026-09-06 12:00:15]   EM OI2609: could not convert string to float: '-'
[2026-09-06 12:00:15]   东财补拉成功 2 条
[2026-09-06 12:00:25]   棕榈油P Sina持仓不可靠(max_oi=0)，尝试东方财富补拉...
[2026-09-06 12:00:25]   东财补拉成功 3 条
[2026-09-06 12:00:34]   豆油Y Sina持仓不可靠(max_oi=0)，尝试东方财富补拉...
[2026-09-06 12:00:35]   东财补拉成功 3 条
[2026-09-06 12:00:35]   抓取完成: 3/3 成功
[2026-09-06 12:00:35]   写入表格...
[2026-09-06 12:00:37]   创建 菜油OI OI2701 (2026-09-06) -> noon 收 10212.0
[2026-09-06 12:00:40]   创建 棕榈油P P2701 (2026-09-06) -> noon 收 10208.0
[2026-09-06 12:00:43]   创建 豆油Y Y2701 (2026-09-06) -> noon 收 9148.0
[2026-09-06 12:00:45]   推送...
[2026-09-06 12:00:45]   推送chat开始...
[2026-09-06 12:00:46]   推送chat成功
[2026-09-06 12:00:46]   推送user开始...
[2026-09-06 12:00:47]   推送user成功
[2026-09-06 12:00:47] ==================================================
[2026-09-06 12:00:47] 完成 [noon]
[2026-09-06 16:00:01] ==================================================
[2026-09-06 16:00:01] 开始执行 [day]
[2026-09-06 16:00:13]   菜油OI Sina持仓不可靠(max_oi=3611)，尝试东方财富补拉...
[2026-09-06 16:00:13]   EM OI2609: could not convert string to float: '-'
[2026-09-06 16:00:13]   东财补拉成功 2 条
[2026-09-06 16:00:22]   棕榈油P Sina持仓不可靠(max_oi=0)，尝试东方财富补拉...
[2026-09-06 16:00:22]   东财补拉成功 3 条
[2026-09-06 16:00:33]   豆油Y Sina持仓不可靠(max_oi=0)，尝试东方财富补拉...
[2026-09-06 16:00:33]   东财补拉成功 3 条
[2026-09-06 16:00:33]   抓取完成: 3/3 成功
[2026-09-06 16:00:33]   写入表格...
[2026-09-06 16:00:35]   创建 菜油OI OI2701 (2026-09-06) -> day 收 10212.0
[2026-09-06 16:00:39]   创建 棕榈油P P2701 (2026-09-06) -> day 收 10208.0
[2026-09-06 16:00:42]   创建 豆油Y Y2701 (2026-09-06) -> day 收 9148.0
[2026-09-06 16:00:43]   推送...
[2026-09-06 16:00:43]   推送chat开始...
[2026-09-06 16:00:44]   推送chat成功
[2026-09-06 16:00:44]   推送user开始...
[2026-09-06 16:00:45]   推送user成功
[2026-09-06 16:00:45] ==================================================
[2026-09-06 16:00:45] 完成 [day]
[2026-09-07 08:30:02] ==================================================
[2026-09-07 08:30:02] 开始执行 [morning]
[2026-09-07 08:30:14]   菜油OI Sina持仓不可靠(max_oi=3611)，尝试东方财富补拉...
[2026-09-07 08:30:14]   EM OI2609: could not convert string to float: '-'
[2026-09-07 08:30:14]   东财补拉成功 2 条
[2026-09-07 08:30:25]   棕榈油P Sina持仓不可靠(max_oi=0)，尝试东方财富补拉...
[2026-09-07 08:30:25]   东财补拉成功 3 条
[2026-09-07 08:30:38]   豆油Y Sina持仓不可靠(max_oi=0)，尝试东方财富补拉...
[2026-09-07 08:30:38]   东财补拉成功 3 条
[2026-09-07 08:30:38]   抓取完成: 3/3 成功
[2026-09-07 08:30:38]   写入表格...
[2026-09-07 08:30:40]   创建 菜油OI OI2701 (2026-09-06) -> morning 收 10212.0
[2026-09-07 08:30:43]   创建 棕榈油P P2701 (2026-09-06) -> morning 收 10208.0
[2026-09-07 08:30:46]   创建 豆油Y Y2701 (2026-09-06) -> morning 收 9148.0
[2026-09-07 08:30:48]   推送...
[2026-09-07 08:30:48]   推送chat开始...
[2026-09-07 08:30:49]   推送chat成功
[2026-09-07 08:30:49]   推送user开始...
[2026-09-07 08:30:50]   推送user成功
[2026-09-07 08:30:50] ==================================================
[2026-09-07 08:30:50] 完成 [morning]
[2026-09-07 12:00:02] ==================================================
[2026-09-07 12:00:02] 开始执行 [noon]
[2026-09-07 12:00:14]   菜油OI Sina持仓不可靠(max_oi=3611)，尝试东方财富补拉...
[2026-09-07 12:00:14]   EM OI2609: could not convert string to float: '-'
[2026-09-07 12:00:15]   东财补拉成功 2 条
[2026-09-07 12:00:24]   棕榈油P Sina持仓不可靠(max_oi=0)，尝试东方财富补拉...
[2026-09-07 12:00:24]   东财补拉成功 3 条
[2026-09-07 12:00:33]   抓取完成: 2/3 成功
[2026-09-07 12:00:33]   写入表格...
[2026-09-07 12:00:35]   创建 菜油OI OI2701 (2026-09-07) -> noon 收 10295.0
[2026-09-07 12:00:39]   创建 棕榈油P P2701 (2026-09-07) -> noon 收 10320.0
[2026-09-07 12:00:41]   推送...
[2026-09-07 12:00:41]   推送chat开始...
[2026-09-07 12:00:42]   推送chat成功
[2026-09-07 12:00:42]   推送user开始...
[2026-09-07 12:00:43]   推送user成功
[2026-09-07 12:00:43] ==================================================
[2026-09-07 12:00:43] 完成 [noon]
[2026-09-08 16:00:00] ==================================================
[2026-09-08 16:00:00] 开始执行 [day]
[2026-09-08 16:00:36]   抓取完成: 3/3 成功
[2026-09-08 16:00:36]   写入表格...
[2026-09-09 08:30:02] ==================================================
[2026-09-09 08:30:02] 开始执行 [morning]
[2026-09-09 08:30:12]   菜油OI Sina持仓不可靠(max_oi=744)，尝试东方财富补拉...
[2026-09-09 08:30:13]   东财补拉成功 3 条
[2026-09-09 08:30:24]   棕榈油P Sina持仓不可靠(max_oi=5644)，尝试东方财富补拉...
[2026-09-09 08:30:24]   EM P2609: could not convert string to float: '-'
[2026-09-09 08:30:24]   东财补拉成功 2 条
[2026-09-09 08:30:35]   豆油Y Sina持仓不可靠(max_oi=585)，尝试东方财富补拉...
[2026-09-09 08:30:35]   EM Y2609: could not convert string to float: '-'
[2026-09-09 08:30:36]   东财补拉成功 2 条
[2026-09-09 08:30:36]   抓取完成: 3/3 成功
[2026-09-09 08:30:36]   写入表格...
[2026-09-09 12:00:01] ==================================================
[2026-09-09 12:00:01] 开始执行 [noon]
[2026-09-09 12:00:22]   棕榈油P Sina持仓不可靠(max_oi=5644)，尝试东方财富补拉...
[2026-09-09 12:00:22]   EM P2609: could not convert string to float: '-'
[2026-09-09 12:00:22]   东财补拉成功 2 条
[2026-09-09 12:00:34]   豆油Y Sina持仓不可靠(max_oi=585)，尝试东方财富补拉...
[2026-09-09 12:00:34]   EM Y2609: could not convert string to float: '-'
[2026-09-09 12:00:34]   东财补拉成功 2 条
[2026-09-09 12:00:34]   抓取完成: 2/3 成功
[2026-09-09 12:00:35]   写入表格...
[2026-09-09 16:00:01] ==================================================
[2026-09-09 16:00:01] 开始执行 [day]
[2026-09-09 16:00:34]   抓取完成: 3/3 成功
[2026-09-09 16:00:34]   写入表格...
[2026-09-10 08:30:02] ==================================================
[2026-09-10 08:30:02] 开始执行 [morning]
[2026-09-10 08:30:11]   菜油OI Sina持仓不可靠(max_oi=3410)，尝试东方财富补拉...
[2026-09-10 08:30:11]   EM OI2609: could not convert string to float: '-'
[2026-09-10 08:30:12]   东财补拉成功 2 条
[2026-09-10 08:30:25]   棕榈油P Sina持仓不可靠(max_oi=5642)，尝试东方财富补拉...
[2026-09-10 08:30:26]   EM P2609: could not convert string to float: '-'
[2026-09-10 08:30:26]   东财补拉成功 2 条
[2026-09-10 08:30:38]   豆油Y Sina持仓不可靠(max_oi=220)，尝试东方财富补拉...
[2026-09-10 08:30:38]   EM Y2609: could not convert string to float: '-'
[2026-09-10 08:30:39]   东财补拉成功 2 条
[2026-09-10 08:30:39]   抓取完成: 3/3 成功
[2026-09-10 08:30:39]   写入表格...
[2026-09-10 12:00:01] ==================================================
[2026-09-10 12:00:01] 开始执行 [noon]
[2026-09-10 12:00:31]   豆油Y Sina持仓不可靠(max_oi=220)，尝试东方财富补拉...
[2026-09-10 12:00:32]   EM Y2609: could not convert string to float: '-'
[2026-09-10 12:00:32]   东财补拉成功 2 条
[2026-09-10 12:00:32]   抓取完成: 1/3 成功
[2026-09-10 12:00:32]   写入表格...
[2026-09-10 16:00:01] ==================================================
[2026-09-10 16:00:01] 开始执行 [day]
[2026-09-11 08:30:02] ==================================================
[2026-09-11 08:30:02] 开始执行 [morning]
[2026-09-11 08:30:13]   菜油OI Sina持仓不可靠(max_oi=3110)，尝试东方财富补拉...
[2026-09-11 08:30:13]   EM OI2609: could not convert string to float: '-'
[2026-09-11 08:30:13]   东财补拉成功 2 条
[2026-09-11 08:30:25]   棕榈油P Sina持仓不可靠(max_oi=0)，尝试东方财富补拉...
[2026-09-11 08:30:25]   东财补拉成功 3 条
[2026-09-11 08:30:35]   豆油Y Sina持仓不可靠(max_oi=0)，尝试东方财富补拉...
[2026-09-11 08:30:35]   东财补拉成功 3 条
[2026-09-11 08:30:35]   抓取完成: 3/3 成功
[2026-09-11 08:30:35]   写入表格...
[2026-09-11 12:00:01] ==================================================
[2026-09-11 12:00:01] 开始执行 [noon]
[2026-09-11 16:00:01] ==================================================
[2026-09-11 16:00:01] 开始执行 [day]
[2026-09-11 16:00:36]   抓取完成: 3/3 成功
[2026-09-11 16:00:36]   写入表格...
[2026-09-14 12:00:02] ==================================================
[2026-09-14 12:00:02] 开始执行 [noon]
[2026-09-14 12:00:11]   菜油OI Sina持仓不可靠(max_oi=744)，尝试东方财富补拉...
[2026-09-14 12:00:12]   东财补拉成功 3 条
[2026-09-14 12:00:21]   棕榈油P Sina持仓不可靠(max_oi=0)，尝试东方财富补拉...
[2026-09-14 12:00:21]   东财补拉成功 3 条
[2026-09-14 12:00:32]   豆油Y Sina持仓不可靠(max_oi=220)，尝试东方财富补拉...
[2026-09-14 12:00:32]   EM Y2609: could not convert string to float: '-'
[2026-09-14 12:00:33]   东财补拉成功 2 条
[2026-09-14 12:00:33]   抓取完成: 3/3 成功
[2026-09-14 12:00:33]   写入表格...
[2026-09-15 08:30:02] ==================================================
[2026-09-15 08:30:02] 开始执行 [morning]
[2026-09-15 08:30:12]   菜油OI Sina持仓不可靠(max_oi=2740)，尝试东方财富补拉...
[2026-09-15 08:30:13]   东财补拉成功 2 条
[2026-09-15 08:30:24]   棕榈油P Sina持仓不可靠(max_oi=0)，尝试东方财富补拉...
[2026-09-15 08:30:25]   东财补拉成功 2 条
[2026-09-15 08:30:37]   豆油Y Sina持仓不可靠(max_oi=0)，尝试东方财富补拉...
[2026-09-15 08:30:37]   东财补拉成功 2 条
[2026-09-15 08:30:37]   抓取完成: 3/3 成功
[2026-09-15 08:30:37]   写入表格...
[2026-09-15 12:00:02] ==================================================
[2026-09-15 12:00:02] 开始执行 [noon]
[2026-09-15 16:33:52] ==================================================
[2026-09-15 16:33:52] 开始执行 [day]
[2026-09-15 16:34:24]   抓取完成: 3/3 成功
[2026-09-15 16:34:24]   写入表格...
[2026-09-16 12:00:02] ==================================================
[2026-09-16 12:00:02] 开始执行 [noon]
[2026-09-16 12:00:13]   菜油OI Sina持仓不可靠(max_oi=2740)，尝试东方财富补拉...
[2026-09-16 12:00:14]   东财补拉成功 2 条
[2026-09-16 12:00:25]   棕榈油P Sina持仓不可靠(max_oi=0)，尝试东方财富补拉...
[2026-09-16 12:00:27]   东财补拉成功 2 条
[2026-09-16 12:00:38]   豆油Y Sina持仓不可靠(max_oi=0)，尝试东方财富补拉...
[2026-09-16 12:00:40]   东财补拉成功 2 条
[2026-09-16 12:00:40]   抓取完成: 3/3 成功
[2026-09-16 12:00:40]   写入表格...
[2026-09-16 16:28:47] ==================================================
[2026-09-16 16:28:47] 开始执行 [day]
[2026-09-16 16:29:19]   抓取完成: 3/3 成功
[2026-09-16 16:29:19]   写入表格...
[2026-09-17 08:30:01] ==================================================
[2026-09-17 08:30:01] 开始执行 [morning]
[2026-09-17 08:30:14]   菜油OI Sina持仓不可靠(max_oi=2740)，尝试东方财富补拉...
[2026-09-17 08:30:14]   东财补拉成功 2 条
[2026-09-17 08:30:28]   棕榈油P Sina持仓不可靠(max_oi=0)，尝试东方财富补拉...
[2026-09-17 08:30:28]   东财补拉成功 2 条
[2026-09-17 08:30:40]   豆油Y Sina持仓不可靠(max_oi=0)，尝试东方财富补拉...
[2026-09-17 08:30:40]   东财补拉成功 2 条
[2026-09-17 08:30:40]   抓取完成: 3/3 成功
[2026-09-17 08:30:40]   写入表格...
[2026-09-17 12:00:02] ==================================================
[2026-09-17 12:00:02] 开始执行 [noon]
[2026-09-17 12:00:12]   菜油OI Sina持仓不可靠(max_oi=2740)，尝试东方财富补拉...
[2026-09-17 12:00:12]   东财补拉成功 2 条
[2026-09-17 12:00:24]   棕榈油P Sina持仓不可靠(max_oi=0)，尝试东方财富补拉...
[2026-09-17 12:00:24]   东财补拉成功 2 条
[2026-09-17 12:00:37]   豆油Y Sina持仓不可靠(max_oi=0)，尝试东方财富补拉...
[2026-09-17 12:00:37]   东财补拉成功 2 条
[2026-09-17 12:00:37]   抓取完成: 3/3 成功
[2026-09-17 12:00:37]   写入表格...
[2026-09-17 16:06:48] ==================================================
[2026-09-17 16:06:48] 开始执行 [day]
[2026-09-17 16:07:22]   抓取完成: 3/3 成功
[2026-09-17 16:07:22]   写入表格...
[2026-09-18 08:30:01] ==================================================
[2026-09-18 08:30:01] 开始执行 [morning]
[2026-09-18 08:30:10]   菜油OI Sina持仓不可靠(max_oi=2740)，尝试东方财富补拉...
[2026-09-18 08:30:10]   东财补拉成功 2 条
[2026-09-18 08:30:25]   棕榈油P Sina持仓不可靠(max_oi=0)，尝试东方财富补拉...
[2026-09-18 08:30:26]   东财补拉成功 2 条
[2026-09-18 08:30:37]   豆油Y Sina持仓不可靠(max_oi=0)，尝试东方财富补拉...
[2026-09-18 08:30:37]   东财补拉成功 2 条
[2026-09-18 08:30:37]   抓取完成: 3/3 成功
[2026-09-18 08:30:37]   写入表格...
